FISI 2350,FISICA ATOMICA
MATE 4523,ESTAD NO PARAMET. Y REMUESTREO
IELE 2009,COMPUTACION CIENTIFICA EN IEE
ICYA 1122,MATERIALES EN INGENIERIA CIVIL
QUIM 6988,TESIS 8 (DOCTORADO)
ARTE 2110,DIBUJO Y OBJETO
ARTE 2129,GRABADO EN RELIEVE
MATE 3801,PRACTICA ENSENANZA 1
ANTR 2103,ESCUELAS ANTROPOLOGICAS I
ICYA 4716,MODEL. FLUJO Y CONT. ACUI.
IIND 3006,PROYECTO INTERMEDIO
IQUI 2300C,COMPL. ING. REACCIONES
MUSI 3511,INSTRUMENTACI�N DIGITAL
QUIM 2313,LAB. QUIMICA ORGANICA II
MUSI 3400,CONJUNTO 6
EDUC 3000,PRACTICA PEDAGOGICA
GEOC 3068,"SENSORES REMOTOS, SIG Y GPS"
CPOL 3003,MONOGRAFIA DE GRADO
FISI 2026,HERRAMIENTAS COMPUTACIONALES
ICYA 4293,PROYECTO GRADO ESTRUCTURAS
MFIN 4216,GESTION DE RIESGOS
MUSI 1401,INSTRUMENTO COMPL.2
FISI 3901,SEM.1 ASTRONOMIA Y ASTROFISICA
MATE 3993,PRACTICA EMPRESARIAL 1 (TC)
MEDI 3418,REANIMACION BASICA Y AVANZADA
ANTR 3195,INVESTIGACION DIRIGIDA GRADO
DISE 2359,COMUNICACI�N 4
IQUI 3104,CIENC. QUIM. Y BIOL. APLICADAS
CPOL 6973,EX AREA MAYOR-TEORIA POLITICA
MEDI 3543,INTERNADO SELECTIVO INVESTI. 3
CBIO 6981,TESIS DOCTORADO 2
CPOL 3600,OPCION GRADO MATERIAS MAESTRIA
MPER 4301,TRABAJO DE GRADO
QUIM 4221,NANOCIENCIAS PARA QU�MICOS
MATE 2101,ALGEBRA ABSTRACTA 1
ISIS 1104L,LAB MATEM�TICA ESTRUCT Y LOGIC
MSIN 4302,TESIS I
EDUC 4207,TESIS 2
MUSI 3606,PRODUCCION MUSICAL 1
IQUI 2301,LAB. INGENIERIA REACCIONES
IMEC 3345L,LAB DE SIST DE CONV DE ENERGIA
ARQU 1504,DIBUJO ARQUITECTONICO DIGITAL
FISI 3708,MAGNETISMO Y MATERIALES MAG.
ARTE 2113,PINTURA Y ESPACIO
MBIT 4304,PROYECTO DE EMPRENDIMIENTO
ARTE 3201,ESPACIOS ELECTRONICOS
EDUC 6023,COLOQUIO DE INVESTIGACI�N VIII
CIDE 4110,SUSTENTACI�N
IBIO 3870,PROYECTO DE DISE�O 2
ECON 2101,MICROECONOMIA 2
ADMI 2106,RESPONSABILIDAD SOCIAL
PSIC 6990,SUSTENTACI�N PROYECTO INV.
FILO 6980,TUTORIAL DE PROYECTO 3
ARQU 3820,TEORIA UI FORMA
EGOB 4110,SEMINARIO DE POSTGRADO II
PSIC 3961,PSICOPATOLOGIA
ANTR 3194,MONOGRAFIA DE GRADO
MDER 4302,TUTORIA II
FISI 3028,M�T. COMPUTACIONALES AVANZADOS
MUSI 3704,PROYECTO DE GRADO
PSIC 3815,SEM.OPCI�N GRADO PROFESIONAL
ARTE 2205,COMPOSICION EN MOVIMIENTO
ARTE 3205,ANIMACION
IQUI 2104,LAB. FENOMENOS TRANSPORTE 2
ISIS 4514,SEMANTIC WEB
CPOL 3993,PRACTICA DE GRADO
MEDI 1101,INTRODUC.A LA PROFESION MEDICA
ECON 3730,SEM TEMAS MONETARIOS-BANCARIOS
MEDI 3113,HABILIDADES DE COMUNICACION II
MUSI 2620,AC�STICA MUSICAL
ARQU 1302,TALLER TECNICO 2
CPOL 6972,EX AREA MAYOR-RELACIONES INTER
IBIO 2240,PROGRAMACION CIENTIFICA
ARTE 3118,FOTO DOCUMENTAL
MUSI 2417,INSTRUMENTO 7 - 15
MUSI 1603,TECLADO 4
IIND 3001,PROYECTO DE GRADO 2
ANTR 3188,TRABAJ DIRIG EN ZOOARQUEOLOGIA
ECON 3739,SEM SINDICALISMO Y MOV.SOCIALE
HIST 3103,SEMINARIO MONOGRAFIA DE GRADO
ICYA 4136,MODELAC. CONTAMINACION ATMOSF.
LENG 2117,ADVANCED EFFECTIVE SPEAKING
ARQU 4302,TESIS 2
MUSI 2210,CONTRAPUNTO AVANZADO 1
SPUB 4105,EPIDEMIOLOG�A AVANZADA
GEOC 2029,LAB MINER. FORMADORES DE ROCAS
PSIC 3705,TRABAJO DE GRADO 1 06
MEDI 1103,ETICA MEDICA Y PROFESIONALI. I
DISE 3149,E7: CHALLENGING EXTREMISM
FISI 4099,TRABAJO DE GRADO (2)
FISI 3152,FISICA DE PARTICULAS
IIND 2301C,REFUERZO DIN�MICA DE SISTEMAS
PSIC 3706,TRABAJO DE GRADO 2 06
ICYA 3107,PRERREQUISITO PROYECTO IAMB
ICYA 4318,CONSTRUCCI�N SOSTENIBLE: HERRA
ANTR 2201,ARQUEOLOGIA COMPARADA
HIST 6990,SUSTENTACI�N DE TESIS
IQUI 3991,PRACTICA PROFESIONAL 6
IIND 4200,MODELOS CONTROL PRODUCC.
MATE 1215,CALC. INTEGR-ECUAC.DIFER (HON)
IELE 4001,SEMINARIO MAG�STER 1
ICYA 3102,PROYECTO DE GRADO ING. CIVIL
ICYA 2001,MODELACION Y ANALISIS NUMERICO
MUSI 3813,LITERATURA VOCAL 6
LENG 2311,ALEMAN 5
LENG 1302,ALEMAN 2
DERE 3834,CJ-I CONCILIACION
ANTR 3191,METODOLOGIA DE PRACTICA
CONT 1221,TALLER DE COMUNICACI�N ORAL
PSIC 2318,MOTIVACI�N
IIND 3202,GERENCIA DE PRODUCCION
ICYA 3305,ESTRUCTURAS GEOTECNICAS
MBIT 4207,NEGOCIO PRODUCCI�N OPERACI�N
IIND 4100,MODELOS ESTADIST.LINEALES
IIND 4108,APLICA.EN INVEST.DE OPERACI.
IQUI 2024,LAB. EQUILIBRIO
FISI 6202,INVESTIGACION 2
DERE 3909,INVESTIGACION DIRIGIDA
ARQU 3859,ANALISIS UI INTERDISC COLOMBIA
DISE 3144,E6: DISE�O PARA EXPOSICIONES
EGOB 2101,M�TOD CUANTI PARA ASUNT PUB I
QUIM 2001,PRINCIPIOS DE LA QUIMICA
IIND 4002,TESIS 1
PSIC 3882,EMOCIONES MORALES
CBIO 4121,INMUNOLOGIA AVANZADA
MBIO 2501,INMUNOLOGIA-LAB
ARQU 1010,PORTAFOLIO REQUISITO DE GRADO
MATE 1253,CALCULO 3 Y ALGEBRA LINEAL 1
MBIO 2307,VIROLOGIA-LAB
ECON 2102,MICROECONOMIA 3
MEDI 3443,PALS / REANIMACION PEDIATRICA
IMEC 1503C,COMPL.DISE�O GR�FICO INGEN
IMEC 2700,PROYECTO INTERMEDIO
PSCL 4105,PR�CTICA CL�NICA SUPERVISADA I
ANTR 3187,TRABAJO DIRIG EN ANTR VISUAL
ANTR 3992,PRACTICA PROFESIONAL
ISIS 1205,ALGORITMICA Y PROGR. OBJ. II
DISE 3150,ESTUDIO 7: BIODESIGN CHALLENGE
ICYA 4808,GESTION DE SISTEMAS DE TRAFICO
ARTI 4108,POWER PEOPLE
MISO 4302,TESIS I
MUSI 3501,ORQUESTACION 2
MUSI 3603,AUDIO DIGITAL
ECON 2204,MEDICION Y CONTABILIDAD
ECON 3761,SEM AN�LISIS CONFLICTO ARMADO
ICYA 3406,MODELACION AMBIENTAL
ADMI 2302,INVESTIGACION DE MERCADOS
BIOL 3201,GENETICA EVOLUTIVA-LAB
MECA 4202,REGULACI�N ECON�MICA
MEDI 3114,ETICA MEDICA Y PROFESIONA. II
DISE 3131,ESTUDIO 7: SOSTENIBILIDAD
ICYA 3702,RESIDUOS SOLIDOS
ANTR 3177,SEM. ELECTIVO HOMOLOGADO 1
EDUC 4028,SEMINARIO INVESTIGACI�N-ACCI�N
ADMI 3615,MERCADEO DEPORTIVO
MUSI 2613,TECNOLOG�A DEL AUDIO 1
ANTR 4225,TRABAJO DE GRADO
MUSI 3302,DIRECCION CORAL 5
ECON 3732,MICROECONOMETRIA FINANCIERA
MISO 4206,ARQUITECTURA SW �GIL
ADMI 2107,GERENCIA DE RECURSOS HUMANOS
FISI 3010,MECANICA CUANTICA I
ADMI 2205,FINANZAS 3: ESTRATEGIA
CPOL 2417,TEORIA CONTEMP POLITICA Y SOC
MUSI 3618,TALLER DE MEZCLA
LENG 3238,PROBL�MATIQUE INTERCULTURELLE
MBIT 4302,TESIS 1
IELE 1502,SISTEMAS DIN�MICOS
IMEC 1410L,LABORAT.DE CIENCIA MATERIALES
IQUI 3320L,LAB.INTR..TECN.LENGUAJ.PERFUM.
MBIO 3602,MICROBIOLOGIA DE ALIMENTOS-TEO
MEDI 3542,INTERNADO SELECTIVO HOS. CL. 3
BIOL 3346,LIMNOLOGIA APLICADA
FISI 1029,FISICA EXPERIMENTAL II
MEDI 3434,TURNOS CLINICOS III
FISI 4702,SEMINARIO 2 MATERIA CONDENSADA
ICYA 4709,AN�LISIS DE HIDROSISTEMAS
MBIO 3919,TRABAJO DE GRADO
ECON 3635,TEOR.FINANZAS PARA ECONOMISTAS
ARQU 2430,TEORIAS URBANAS
IQUI 3042,TALLER DE OPTIMIZACION
ICYA 4212,PROPUESTA TESIS MICIV
ECON 3762,ECONOM�A POL�TICA DE G�NERO
FISI 1023,LABORATORIO DE FISICA BASICA 2
BIOL 3324,BIOLOGIA DE LA CONSERVACION
IQUI 1002,LAB. INTRODUCCION ING. QUIMICA
FISI 6976,PASANTIA V
MUSI 2811,CANTO 5
FILO 2130,NIETZSCHE
MSIN 4303,TESIS II
FISI 3816,BIOLOGIA SINTETICA
DERE 3802,CONSULTORIO JURIDICO II
IBIO 2250,FEN�MENOS DE TRANSPORTE BIOL�G
LENG 1120,EFFECTIVE SPEAKING
MUSI 2211,CONTRAPUNTO AVANZADO 2
IMEC 4701,TESIS 1
FISI 4010,MECANICA CUANTICA AVANZADA 1
IIND 4213,DISE�O DE EXPERIM. INGE.
MUSI 2208,CONTRAPUNTO 1
MEDI 3544,INTERNADO SELECTIVO SALUD P.3
FISI 6201,INVESTIGACION 1
IIND 2401,ANALIS.DECISION INVERSION
IMEC 2210,MECANICA FLUIDOS
IQUI 2200,DISE�O EXPERIM. ING QUIMIC
ANTR 3180,ELECTIVA EN ANTROPOLOGIA
MEDI 3533,INTERNADO SELECTIVO INVESTI. 1
MATE 4173,ALGEBRA ABSTRACTA 2
ANTR 2102,INSTRUMENTOS DE INVESTIGACION
LENG 2114,INGLES 4 - LENGUAS Y CULTURA
EDUC 6013,INVESTIGACION DOCTORAL
FISI 6974,PASANTIA III
MBIO 2306,VIROLOGIA-TEO
CPOL 3005,INVESTIGACION PROFESORAL
ICYA 4308,PRESUP. AN�LISIS CONTROL COSTO
ISIS 4004,TUTORIAL ESPECIAL
ICYA 3306,SISTEMAS DE TRANSPORTE
MUSI 2408,CONJUNTO CUERDAS
IIND 3218C,REFUERZO FUND. CALIDAD
MEDI 3523,MODULO SELECTIVO II INVESTI. 2
MBIT 4102,FINANZAS Y MERCADEO ESTRAT.
MSIN 4101,ING CRIPTOGRAFICA Y APLIC SERV
ECON 2104,EVAL. ECONOMICA DE PROYECTOS
QUIM 1102,LABORATORIO DE QUIMICA GENERAL
BIOL 3995,PROFUNDIZACION INVESTIGACION
ICYA 3408,TRATAMIENTO AGUAS RESIDUALES
CPOL 6523,LECTURAS DIRIGIDAS
LENG 2612,ITALIANO 6
IELE 3006,OPTIMIZACION
ECON 6986,INVESTIGACION TESIS DOCTORAL 7
ECON 4645,REGULACION Y COMPETENCIA
MATE 1204,CALCULO DIFERENCIAL (HONORES)
DISE 2607,TIPOGRAFIA EXPERIMENTAL
ISIS 2603L,LAB DLLO DE SW EN EQUIPO
IIND 4403,TEORIA DE LA DECISION
MUSI 2500,TALLER DE COMPOSICION 1
CPOL 3300,SEM POLITICA COLOMBIANA
MUSI 2807,TALLER L�RICO 3
IIND 2106,PROBABILIDAD Y ESTAD�STICA I
IIND 2107C,REFUERZO PROBA Y ESTD II
MATE 4904,TRABAJO DE GRADO
MUSI 2505,COMPOSICION 2
PSIC 3987,PSICOLOGIA DE LA SALUD
ISIS 2503L,LAB. ARQUITEC. Y DISE�O DE SW
HIST 4801,TUTORIAL DE INV. 2- MHIST
DISE 2309,PRODUCTO 4
MEDI 1216,PATOLOGIA
ISIS 3510,CONSTR. APLICACIONES M�VILES
ARQU 4303,PROYECTO DE GRADO
BIOL 2303,INVERTEBRADOS-LAB
BIOL 1312,BIOLOGIA PARA PSICOLOGIA-TEO
LITE 3904,SEMINARIO-TRABAJO DE GRADO
DISE 1107,ESTUDIO 2
IELE 2002,TEOR�A ELECTROMAGN�TICA
ARQU 3853,ANALISIS UI ARQU Y BELLEZA
MATE 1203,CALCULO DIFERENCIAL
MUSI 2801,TALLER L�RICO 1
DERE 2402,ARGUMENTACION EN EL PROCESO PE
MEDI 3413,ORTOPEDIA
ICYA 2402,HIDRAULICA
ISIS 1002,ACOMPA�AMIENTO ISIS
CONT 2413,CONTABILIDAD EN UN ENTORNO INT
MISO 4303,TESIS II
ECON 4113,MICRO AVANZ TEORIA DE JUEGOS
FISI 3042,TOPICOS EN MECANICA ESTADISTIC
IMEC 3701,PROYECTO GRADO
ECON 3602,MEMORIA DE GRADO
QUIM 6990,SUSTENTACI�N DE TESIS
ECON 4662,INTRO ANALIS ESPACIAL DE DATOS
ECON 3626,INTR ECON URB Y DEL TRANSPORTE
ICYA 4216,PROPUESTA DE TESIS MIAMB
LENG 3922,PRACTICA 2
MATE 3512,DIN�MICA ESTOC�STICA
ICYA 4138,HIDROLOGIA URBANA
ECON 2106,TEORIA DEL CONSUMIDOR Y FIRMA
IELE 1010,CIRCUITOS E INSTRUMENTACION
IMEC 3700,SEMINARIO PROYECTOS
FISI 3902,SEM.2-ASTRONOMIA Y ASTROFISICA
QUIM 6983,TESIS 3 (DOCTORADO)
DERE 3905,EXAMEN DE FACULTAD
HIST 6982,TUTORIAL DE PROY. III- DHIST
IQUI 2090,PROYECTO DE MITAD DE CARRERA
ISIS 1001,INTROD. INGENIERIA DE SISTEMAS
BIOL 2308,ECOLOGIA-TEO
MEDI 3548,DESCIF. LA ENF: INVEST. BIOMED
ARTI 4005,INTERCAMBIO INTERNACIONAL
MEDI 2108,SEMI. I Y AT. PRI. A LA COMU.
MUSI 2213,MORFOLOGIA 2
IMEC 2520,MEC�NICA S�LIDOS DEFORMABLES
MEDI 3526,MODULO SELECTIVO II AT. PRI. 3
IMEC 2540L,LAB. DINAMICA SISTEM.MECANICOS
MEDI 3527,MODULO SELECTIVO II HOS. CL. 3
MUSI 3607,PRODUCCION MUSICAL 2
FISI 1019,FISICA EXPERIMENTAL I
FISI 6984,TESIS IV
PSIC 1204,PRINCIPIOS DE NEUROCIENCIAS 1
PSIC 3846,PSIC EN SIST INTEGR DE GESTION
IIND 3301,SISTEMAS PUBLICOS
MBIO 2102,BIOLOGIA MOLECULAR-TEO
LENG 2611,ITALIANO 5: ITALIANO Y TEXTOS
IIND 2106C,REFUERZO PROBA Y ESTAD I
ISIS 4820,AMBIENTES INTERACTIVOS 3D
EDUC 6011,PASANTIA DOCTORAL
MEDI 2312,SISTEMA OSTEOMUSCULAR
MEDI 3415,TURNOS CLINICOS II
DISE 3129,ESTUDIO 7: TALLER INNOVACI�N
MATE 1505,PROB. Y ESTADISTICA 1
LITE 2405,LAT�N II
MBIO 3993,PRACTICA DE GRADO
LENG 3239,L�HUMOUR DANS LA LANGUE FRANCA
PSIC 2707,DISE�O Y AN�LISIS DE INV. 2
ARTI 4102,COMUNICACION EFECTIVA
MATE 1105,ALGEBRA LINEAL 1
LENG 4994,TALLER DE LECTURA 2 - CIFE
MATE 1506,PROB.Y ESTADISTICA 2
MBIO 2310C,COMP.BIOLOG.MOLECULAR CELULA
ARTE 1117,TALLER BASICO 2
CPOL 2501,TALLER METODOLOGIA
MATE 2301,ECUACIONES DIFERENCIALES
DISE 3151,E7: INDUSTRIAS CULTURALES
MUSI 3612,ARMONIA POPULAR 2 ANALISIS Y
IMEC 4800,PROB. ESPECIAL MAGISTER
ARTE 2101,FUNDAMENTOS DE PINTURA
IIND 4305,SEMINARIO DE COMPLEJIDAD
ISIS 1404,TI EN LAS ORGANIZACIONES
CIDE 4151,TRABAJO DE GRADO FINAL
LENG 1464,CONVERSA Y ESCRIT EN JAPON�S 4
MUSI 2602,SONIDO EN VIVO 1
MUSI 3619,PRE-PROYECTO PRODUCCI�N - 15
MBIO 3913,"TRABAJO GRADO, MONOGR, PRAC.GR"
BIOL 3909,"TRABAJO GRADO, MONOG.PRAT.GRAD"
ICYA 2407,MICROBIOLOGIA AMBIENTAL
MEDI 3416,GINECOLOGIA Y OBSTETRICIA
MEDI 3501,MODULO SELECTIVO I AT. PRIM. 1
MUSI 2400,CONJUNTO 2
LENG 6991,INGLES DOCTORADOS 1
IQUI 3002,LAB. PROC. SEPARACION
MBIO 3605,MICROBIOLOGIA AMBIENTAL-LAB
FISI 3020,MECANICA CUANTICA II
LENG 1304,ALEMAN 4
MUSI 3512,COMPOSICI�N PARA LA IMAGEN III
ARQU 1121,TALLER DE COMPOSICION 2
IQUI 2102C,COMPL. FENOMENOS TRANSPORTE 2
MATE 6985,PRETESIS 5
ISIS 3510L,LAB. CONSTR. APLICAC. MOVILES
MBIT 4303,TESIS 2
MUSI 2403,CONJUNTO 5
CBIO 6971,EXAMEN DE CANDIDATURA
MEDI 3410,ANESTESIOLOGIA
MATE 2711,METODOS MATEM. PARA ECONO.
DISE 1106,ESTUDIO 1
ICYA 4704,HIDRAULICA DE TUBERIAS
MUSI 2504,COMPOSICION 1
IIND 2400,SIST. DE CONTROL GERENCIAL
MEDI 1999,REQUISITO DE VACUNAS 3 SEMEST.
MIAD 4970,EXAMENES COMPREHENSIVOS
DISE 2308,PRODUCTO 3
ARTE 3994,PRACTICA ACADEMICA OBLIGATORIA
DISE 2101,ESTUDIO 4
MEDI 3529,MODULO SELECTIVO II SALUD P. 3
CONT 1441,FUNDAMENTOS DE ASEGURAMIENTO
ADMI 2556,HERRAMIENTAS TOMA DECI I
ICYA 4218,TESIS 2 MIAMB
IIND 1001,PROGRAMA DE ACOMPA�AMIENTO
MISO 4005,INTERCAMBIO INTERNACIONAL
MATE 1214,CALCULO INTEGRAL-ECUAC.DIFEREN
ANTR 4137,LECTURAS DIRIGIDAS 1
MATE 1106,ALGEBRA LINEAL 1 (HONORES)
PSCL 4109,REVISTA DE CASOS CL�NICOS I
QUIM 2518,FUNDAMENTOS DE FISICOQU�MICA
QUIM 1111,QUIMICA EXPERIMENTAL
FISI 4102,SEMINARIO 2 ALTAS ENERGIAS
HIST 3993,PRACTICA DE GRADO
IELE 3110,ECONOMIA SISTEMAS DE POTENCIA
ISIS 2203L,LAB INFRAESTRUCTURA COMPUTACIO
DERE 1901,EXAMEN DE CICLO 1
CIDE 4133,AVANCE TRABAJO DE GRADO
FISI 2007,METODOS MATEMATICOS
BIOL 3911,PRACTICA DE GRADO
IQUI 4301,TESIS I
MIIA 4200,MINERIA DE DATOS
MEDI 1102,HABILIDADES DE COMUNICACI�N I
DADM 6985,SEMINARIO DE TESIS V
ICYA 4530,ANALISIS DE RIESGO
MUSI 1203,ARMONIA 2
IQUI 3032,TALLER DISE�O PLANTAS
MATE 1252,CALCULO INTEGRAL-PROBABILIDAD
IQUI 2101,FENOMENOS DE TRANSPORTE 1
IQUI 2023,LAB. TERMODINAMICA
MUSI 2824,PIANO APLICADO 3 - 15
PSIC 3600,OPCION GRADO MATERIAS MAESTRIA
QUIM 4400,BIOQUIMICA - FITOQUIMICA
IELE 3002,PROYECTO DE GRADO ELECTRONICA
ARQU 1502,VISUALIZACION Y SIMULACI�N ARQ
ARTI 4204,ARQUITECTURA DE SEGURIDAD
MUSI 2402,CONJUNTO 4
ADMI 3431,MARKETING DIGITAL
QUIM 1618,FUNDAMENTOS AN�LISIS QU�MICO
ICYA 4350,NIV. ING. GERENC. CONSTRUCCION
QUIM 1211,LABORATORIO DE QUIMICA INORG.I
ICYA 4292,PROYECTO GRADO GERENCIA
DISE 3152,E6: PROD. Y SERVICIOS M�DICOS
MUSI 1903,LITERATURA VOCAL 1
IBIO 2260,MODELADO Y SIMULACI�N SIST BIO
FISI 4405,MECANICA ANALITICA
IELE 3430,TALLER DE COMUNICACIONES
LENG 1744,CHINO 4
MTRI 4202,TEMAS AVANZ TRIB INTERNACIONAL
ICYA 4302,PLANIF. CONSTR. LEAN CONSTRUCT
ECON 6302,ECONOMETR�A 2 DOC
FISI 6972,EXAMEN DE CANDIDATURA
FILO 6990,TUTOR�A DE INVESTIGACI�N 4 DOC
MEDI 1219,LABORATORIO DE ANATOMIA
FISI 1005,COLOQUIO 2 DE FISICA
MADM 4550,ESTRATEGIA
CBIO 4805,PROFUNDIZAC. EN INVESTIGACION
CIDE 4134,ESTUDIOS DIRIGIDOS 2
MEDI 3524,MODULO SELECTIVO II SALUD P. 2
ECON 3747,ECON DEL COMPORTAMIENTO Y EXPE
QUIM 6982,TESIS 2 (DOCTORADO)
IIND 4324,APLIC. Y TEORIA EVOLUTIVA ORG.
ISIS 1105,DISE�O Y ANALISIS DE ALGORI.
EGOB 4201,EVALUACION DE POLITICAS PUBL.
MATE 2211,CALCULO VARIABLE COMPLEJA
IIND 2201,CONTROL DE PRODUCCION
PSIC 3916,PSICOANALISIS NI�OS
MADM 4206,GERENCIA FINANCIERA
ARTE 3200,ARTE Y PROCESOS CIENTIFICOS
MATE 3902,PROYECTO DE GRADO
ECON 2105,TEORIA DE JUEGOS
ICYA 3078,PROY. FINAL DISE�O ING.CIVIL
MEDI 3540,INTERNADO SELECTIVO ADMI. 3
IQUI 3501,PROYECTO ESPECIAL
ANTR 1401,ANTROPOLOG�A BIOL�GICA
MBIO 3513,GENOMICA Y BIOINFORMATICA
MEDI 3504,MODULO SELECTIVO I SALUD P. 1
MUSI 1600,TECLADO 1
ANTR 3178,SEM. ELECTIVO HOMOLOGADO 2
ECON 4659,TEORIA DE JUEGOS
MEDI 3414,BITACORA CLINICA II
GEOC 3118,PALAEONTOLOGY MARINE REPTILES
IIND 2201C,REFUERZO CONTROL DE PRODUCCION
GEOC 3102,YACIMIENTOS MINERALES (L)
IMEC 1330,TERMODIN�MICA
FISI 3101,SEMINARIO DE ALTAS ENERGIAS
ISIS 3007,PROYECTO DE GRADO
BIOL 1300,BIOLOGIA DE ORGANISMOS-TEO
IQUI 3106,FUND CIENCIA INGEN POLIMEROS
ECON 6202,MACROECONOM�A LP DOC
ISIS 2007,DISE�O PROD. E INNOVACI�N TI
DERE 2502,PROTECCI�N LABORAL
MUSI 3610,TRABAJO DE GRADO
MBIO 2400,BIOESTADISTICA-TEO
ARTI 4103,ARQUITECTURA DE NEGOCIO Y TI
ICYA 4102,MOD. PROCESOS Y SIST. AMBIENTA
CPOL 6975,EX AREA MAYOR-POL COLOMBIANA
MEDI 3427,URGENCIAS
MUSI 2515,COMPOSICI�N PARA LA IMAGEN II
PSIC 3884,INVESTIGACION DEL DESARROLLO
ISIS 4002,TUTORIAL
IELE 2901,MONITORIA ING ELECTR-ELECTRO 2
MUSI 1209,PIANO COMPLEMENTARIO 2
MUSI 2816,LITERATURA VOCAL 3
ANTR 6983,DESARROLLO TESIS DOCTORAL
MEDI 1105,EPIDEMIOLOGIA
ARTE 3603,PROYECTO NUEVO PENSUM
EGOB 3004,EVALUACI�N DE POL�TICAS P�BL
ISIS 1206,ESTRUCTURAS DE DATOS
LITE 2100,TEORIA LITERARIA 2
CBIO 6987,TESIS DOCTORADO 8
FISI 6113,SEMINARIO AVANZADO 3
MUSI 2202,PIANO COMPLEMENTARIO 6
ECON 4657,POBREZA Y DESARROLLO ECON
FISI 6981,TESIS I
MATE 6982,PRETESIS 3
MUSI 2809,TALLER L�RICO 5
PSIC 3990,INSCRIPCION A GRADO
DADM 6973,SEM. INVESTIGACI�N II PHD
MATE 2507,PROB. Y ESTAD ASUNTOS PUBLICOS
FISI 2432,ELECTROMAGNETISMO 1
MEDI 1218,BIOQUIMICA
IIND 2401C,REFUERZO ANALIS.DECISION INVER
MBIO 3603,MICROBIOLOGIA DE ALIMENTOS-LAB
IIND 4102,METOD.ESTADISTICOS MULTIVAR.
ARQU 3860,TEOR�A UI INTERDISC COLOMBIA
IELE 2206,FUNDAMENTOS DE ELECTR�NICA
BIOL 2309,ECOLOGIA-LAB
MUSI 1602,TECLADO 3
LITE 2407,LATIN III
ECON 6982,INVESTIGACION TESIS DOCTORAL 3
DISE 2357,COMUNICACI�N 2
ECON 3502,HIST.ANALISIS ECONOMICO
FISI 3013,SEM. QFT/FISICA-MATEMATICA
FILO 4811,TUTOR�A DE INVESTIGACI�N 2
QUIM 1510,FISICOQUIMICA I
IIND 4006,TESIS DE GRADO 2
MEDI 2107,ELEMENT. DE DECISION CLINICA I
FISI 4098,TRABAJO DE GRADO (1)
ICYA 2101,TERMOQUIMICA AMBIENTAL
ARQU 2103,PROYECTO LUGAR
IIND 3402,VALORACION DE EMPRESAS
ANTR 3179,SEM. ELECTIVO HOMOLOGADO 3
IIND 2103,PRINCIPIOS OPTIMIZACION
MEDI 3430,PROYECTO DE GRADO II
MATE 6904,PROYECTO DE TESIS 2
FISI 2028,M�TODOS COMPUTACIONALES
IELE 3420,INGENIERIA DE TELETRAFICO
CONT 1211,LIDERAZGO Y �TICA
DADM 6974,ASISTENCIA INVESTIGACION
IELE 1006,FUNDAMENTOS DE CIRCUITOS
EGOB 4115,PROYECTO DE GRADO II
CBIO 4913,TESIS MAESTRIA 2
ADMI 3107,CONSULTORIA
QUIM 3350,ESTEREOQU�MICA Y SELECTIVIDAD
MATE 3101,ALGEBRA ABSTRACTA 2
ARQU 3910,PROYECTO UNIDAD AVANZADA
MEDI 3539,INTERNADO SELECT. SALUD P�B. 2
MUSI 2700,ANALISIS MUSICAL 1
DISE 2616,FOTOGRAF�A 2: PERSONAS
IIND 3309,RELACIONES INDUSTRIALES
MUSI 2814,TALLER L�RICO 6
EGOB 1105,M�TODOS CUALI PARA ASUNTOS PUB
GEOC 3038,ESTRATIGRAF�A Y SEDIMENTOLOG�A
ARTE 2120,ESCULTURA Y CUERPO
MEDI 3441,INTERNADO OBLIGATORIO ORTOPED.
ISIS 1404L,LAB TI EN LAS ORGANIZACIONES
IQUI 3012,LAB. OPERACIONES UNITARIAS
IELE 2500,SE�ALES
PSIC 3800,PSICOLOGIA APLICADA
LITE 3903,ASISTENCIA�DE�INVESTIGACI�N
MEDI 3417,MEDICINA LEGAL Y CIENCIA FORE.
ARQU 3810,PROY. UNIDAD INTERM. FORMA
HIST 6985,TUTORIAL DE INV. VII -DHIST
LENG 2315,KREATIVES SPRECHEN UND SCHREIB
ARQU 3992,PRACTICA INSTITUC.TIEMPO PARCI
MBIO 2302,BIOLOGIA DE HONGOS-TEO
MUSI 3503,COMPOSICION 4
LENG 1104,INGL�S 4
MBIT 4202,GOBIERNO DE TI
DDER 6403,TUTORIA 3
ECON 2201,MACROECONOMIA 2
PSIC 3812,PR�CTICA 2 06
EGOB 4122,PROYECTO DE GRADO APLICADO II
ARQU 1420,TALLER CIUDAD 2
QUIM 1301,QUIMICA ORGANICA
QUIM 4900,TESIS I
DISE 2307,PRODUCTO 2
IIND 3222,PRODUCTO INDUSTRIAL
ARQU 2202,ARQUITECTURA CLASICA
PSIC 3915,GETION Y DLLO.TALENTO HUMANO
MUSI 3405,INSTRUMENTO 10
MEDI 1212,INMUNOLOGIA
MEDI 3423,MEDICINA FISICA Y REHABILITA.
PSIC 3814,INFORME DE PR�CTICA
IIND 2104,MODELOS PROBABILISTICOS
LENG 1742,CHINO 2
ICYA 4301,ADMON PROYECTO CONSTRUC
IBIO 2261,LABORATORIO MODELADO Y SIMULAC
MUSI 3516,COMPOSICI�N DE GRADO PARA CINE
FISI 3472,OPTICA CUANTICA (TEO. Y PRACT)
MEDI 3111,SISTEMAS DE SALUD I
IIND 3107,ING. DE MERCADEO
MEDI 2300,GEN�TICA M�DICA
ARTE 2126,INTROD. PROCESOS IMPRESI�N
MATE 1502,ESTADISTICA 2 (C. SOCIALES)
LITE 3402,SEMINARIO DE LATIN IV
MUSI 1601,TECLADO 2
MDER 4303,TUTORIA III
ICYA 4606,EVAL.DIAG.CONS.PAVIMENTOS
MUSI 2818,LITERATURA VOCAL 5
MATE 3523,ESTAD NO PARAMET. Y REMUESTREO
PSIC 2317,PSICOLOG�A DE LA MEMORIA
LENG 1703,PORTUGUES 3
ICYA 1116,ESTATICA
MUSI 3301,DIRECCION CORAL 4
CIDE 4132,ESTUDIOS DIRIGIDOS 1
MUSI 2825,PIANO APLICADO 4 - 15
FISI 1003,COLOQUIO 1 DE FISICA
IELE 3200,ELECTR�NICA AN�LOGA
IQUI 2102,FENOMENOS DE TRANSPORTE 2
ECON 6987,INVESTIGACION TESIS DOCTORAL 8
CBIO 6803,SEMIN.INVESTIGACION DOC. L.D.2
QUIM 3215,LABORATORIO QUIMICA INORG. III
IIND 4107,PROCESOS ESTOCASTICOS
ECON 3609,SEM. COYUNTURA ECONOMICA
ICYA 4404,TECNOL. AVANZADAS DEL CONCRETO
LENG 2316,WISSENSCHAFTLICHES SCHREIBEN
FILO 4810,TUTOR�A DE INVESTIGACI�N 1
HIST 6984,TUTORIAL DE INV. VI- DHIST
ANTR 3170,SEM.LA PAZ EN PLURAL
LENG 1463,CONVERSA Y ESCRIT EN JAPON�S 3
MECA 4302,ECONOM�A AMBIENTAL II
BIOL 3302,FISIOLOGIA VEGETAL-TEO
LENG 2411,JAPONES 5
MBIO 2500,INMUNOLOGIA-TEO
FISI 2051,LABORATORIO INTERMEDIO
MATE 2104,CRISTALOGRAFIA MATEMATICA
ARQU 3861,PROY UI ARQU DEL PAISAJE
PSIC 2601,PSICOMETRIA
QUIM 2314,QUIMICA ORGANICA III
ANTR 3993,PRACTICA DE GRADO
ARQU 2320,SISTEMAS DE HABITABILIDAD
QUIM 1302,LAB�DE�QUIMICA�ORGANICA
BIOL 2200,GENETICA-TEO
ICYA 4303,SEMIN.PROYECTOS DE INFRAESTRUC
LENG 1116,INGLES 1 - LENGUAS Y CULTURA
MEDI 3422,PROYECTO DE GRADO I
PSIC 3863,PROBLE. INFANTILES-JUEVENILES
MBIO 2100,BIOQUIMICA-TEO
EDUC 6990,SUSTENTACI�N DE TESIS DOCTORAL
ECON 6984,INVESTIGACION TESIS DOCTORAL 5
MISO 4204,FABRICAS SW Y LIN PRODUCTOS
BIOL 1313,BIOLOGIA PARA PSICOLOGIA-LAB
MATE 6986,PRETESIS 6
MBIT 4210,TI PARA SECTOR P�BLICO
IQUI 3090,SEM.PROYECTO GRADO
DERE 3903,INVESTIGACION DIRIGIDA
IQUI 2101L,TALLER FENOMENOS TRANSPORTE 1
MUSI 3407,RECITAL GRADO CANTO
ARTE 2119,DIBUJO Y ESPACIO
IIND 4406,GERENCIA FINANCIERA DEL RIESGO
MATE 1507,MATEMATICAS 2 (BIO-MED)
MBIO 1101,BIOLOGIA CELULAR-LAB
MUSI 1210,PIANO COMPLEMENTARIO 3
GEOC 3069,LAB.SENSORE REMOTOS SIG Y GPS
IIND 2107,PROBABILIDAD Y ESTADISTICA II
MEDI 2306,SISTEMA RESPIRATORIO
ICYA 4503,DIS. GEOTEC. CONFIAB. Y ANALIS
ARQU 3858,PROY UI INTERDISC COLOMBIA
MISO 4205,MEJORAMIENTO EXPERIENCIA USUAR
DERE 3805,PRACTICA DE GRADO
ARQU 3991,PRACTICA INSTITUC.TIEMPO COMP
IMEC 1000,INTRODUCC.INGEN.MECANICA
ISIS 3009,TALLER DE INNOVACION CON TIC 2
FILO 2110,HEGEL
LENG 1130,WRITING BUSINESS COMMUNICATION
DISE 2624,FOTOGRAF�A 2: PRODUCTOS
ICYA 4501,PROP. FISIC. SUEL. MECAN. ROCA
DADM 6981,SEMINARIO DE TESIS I
MEDI 3429,TURNOS CL�NICOS IV
MEDI 3530,INTERNADO SELECTIVO ADMIN. 1
ARTI 4203,ARQUITECTURA DE INFRAESTRUCTUR
MEDI 3403,BITACORA SEMIOLOGIA II
IIND 6990,SUSTENTACION DE TESIS
IELE 3108,TALLER�DE�SISTEMAS�DE�POTENCIA
FISI 6118,SEMINARIO AVANZADO 8
FISI 1039,LABORATORIO DE ONDAS Y FLUIDOS
MFIN 4201,AN�LISIS DE INVERSIONES
ICYA 4450,DISE�O Y COMP. ESTRUC. CONC.
FILO 6982,TUTOR�A DE INVESTIGACI�N 2 DOC
ISIS 1209L,LAB ALG.Y PROGR. OBJ. II (HON)
MUSI 2204,ENTREN AUDITIVO 5
MUSI 1912,CANTO 3
ANTR 2101,ETNOLOGIA DE COLOMBIA
ICYA 4812,GEOM�TICA PLANEAC.SOSTENIBLE
FILO 6970,EXAMEN DE CONOCIMIENTOS
MATE 3120,LOGICA 1
FISI 3701,SEMINARIO MATERIA CONDENSADA
MBIO 3502,MICROBIOLOGIA MEDICA-TEO
BIOL 3303,FISIOLOGIA VEGETAL-LAB
EMAT 4805,AN�LISIS DE ACTUACI�N
LENG 1702,PORTUGUES 2
MATE 3157,INT. REPRESENT. GRUPOS FINITOS
ADMI 2204,DECISIONES DE INVERSION
DISE 2618,DISE�O EDITORIAL
DERE 3608,CONCURSO DERECHOS HUMANOS
CPOL 3200,SEM RELACIONES INTERNACIO
PSIC 3921,APREN. DENTRO-FUERA DE ESCUELA
IIND 4341,ING. SIST�MICA Y CREATIVIDAD
FISI 2405,MECANICA
MUSI 2812,CANTO 6
CBIO 6983,TESIS DOCTORADO 4
QUIM 6987,TESIS 7 (DOCTORADO)
BIOL 3200,GENETICA EVOLUTIVA-TEO
MUSI 2810,CANTO 4
ISIS 3204,INFRAESTRUCTURA COMUNICACIONES
ANTR 3600,OPCION GRADO MATERIAS MAESTRIA
PSIC 3811,PR�CTICA 1 06
PSIC 2313,PSICOLOG�A DE LA EMOCI�N
FISI 3434,ELECTROMAGNETISMO 2
ICYA 4803,PLANEACI�N DE TRANSPORTE
PSCL 4112,REVISTA DE CASOS CL�NICOS IV
MUSI 2302,DIRECCION CORAL 1
EGOB 4113,SEMINARIO DE POSTGRADO III
ARTE 3995,PRACTICA DE GRADO PROYECTOS
GEOC 1023,LABORATORIO DE GEOLOGIA
IIND 3208,DES. AVANZADO DE NUEVOS PROD.
ISIS 3710,PROGR CON TECNOLOGIAS WEB
ANTR 3193,DISE�O DE MONOGRAFIA
ARQU 3849,PROY UI TECTONICA Y ESTRUCTURA
MEDI 3528,MODULO SELECTIVO II INVESTI. 3
MUSI 2401,CONJUNTO 3
ICYA 4306,ASPECTOS LEGALES CONSTRUC.
IMEC 1330L,LABORATORIO TERMODIN�MICA
MUSI 3404,INSTRUMENTO 9
IQUI 2021C,COMPL. EQUILIBRIO
ARQU 3920,TEORIA UNIDAD AVANZADA
ICYA 2406,POTABILIZACION
MUSI 2501,TALLER DE COMPOSICION 2
IBIO 3702,PROYECTO INVESTIGAC.INGENIERIA
PSIC 4108,DISE�O PR INVE IV COLOQ III
PSIC 3832,TOPICOS EN LA HIST. DE LA PSIC
HIST 6983,TUTORIAL DE INV. V- DHIST
LENG 2224,ATELIER DՃCRITURE ACAD�MIQUE1
ARQU 3249,SEM ARQU LATINOAMERICANA
EDUC 6005,COLOQUIO DE INVESTIGACION II
FISI 4472,OPTICA CUANTICA
DADM 6990,SUSTENTACION DISERTACION
MDER 4401,MONOGRAFIA DE GRADO
ARQU 3913,PROYECTO UNIDAD AVANZADA GRP4
IELE 4020,TESIS I
ISIS 2503,ARQUITECTURA Y DISE�O DE SW
LITE 3346,SEMINARIO DE COLOMBIANA
MATE 6990,DEFENSA DE TESIS
IMEC 3530,DISE�O DE SISTEMAS MECANICOS
ECON 3750,MACRO Y FINANZAS INTERNACIONAL
MUSI 2608,TALLER DE GRABACION 1
ISIS 1106,LENGUAJES Y M�QUINAS
ISIS 4000,TESIS I
IQUI 2010C,COMPL. FUND PROC. INDUSTRIALES
LENG 1106,INGL�S 6
ARTE 3990,INSCRIPCION A GRADO
FISI 3401,SEMINARIO 1. OPTICA CUANTICA
ICYA 1110,QUIMICA AMBIENTAL
IQUI 3039,INTRO. MODEL. Y SIMUL. ING.
ARTE 2111,PINTURA Y CUERPO
IIND 3400,FINANZAS
FILO 3214,GRIEGO V
MEDI 1209,HISTOLOGIA
ICYA 4106,BIODIVERSIDAD COLOMBIANA
LITE 3905,SEM.TRABAJO-GRADO EN CREACI�N
MEDI 2305,SISTEMA ENDOCRINOLOGICO
ARTE 2114,OBJETO Y CONTEXTO
PSIC 3708,INVES.DIRIGIDA 2.
ADMI 3207,MERCADO DE CAPITALES
MEDI 3112,SISTEMAS DE SALUD II
MBIT 4103,FORMACI�N DIRECTIVOS TI
MEDI 2109,ELEMEN. DE DECISION CLINICA II
MATE 1213,MATEMATICAS 3 (BIO-MED)
LENG 1704,PORTUGUES 4
MATE 6971,EXAMEN DE CONOCIMIENTO 2
MBIO 3100,BIOL.CELU Y MOLEC.PROCARIO-TEO
MUSI 2203,ENTREN AUDITIVO 4
PSCL 4106,PR�CTICA CL�NICA SUPERV. II
ICYA 4504,TALLER DE DISE�O CIMENTACIONES
ISIS 1304,FUND INFRAESTRUCTURA TECNOL�GI
RJUR 5584,DERECHO TRIBUTARIO ESPECIAL II
QUIM 4350,ESTEREOQU�MICA Y SELECTIVIDAD
ECON 4643,RIESGOYVALORACI�N DE DERIVADOS
MATE 2411,GEOMETRIA DE CURVAS Y SUPERFIC
MBIO 3503,MICROBIOLOGIA MEDICA-LAB
PSIC 2602,EVALUACION PSICOL�GICA
LENG 1118,INGLES 3 - LENGUAS Y CULTURA
MUSI 2817,LITERATURA VOCAL 4
MUSI 3611,ARMONIA POPULAR 1 ANALISIS Y
FISI 1049,LABORATORIO DE FISICA MODERNA
IMEC 3345,SISTEMAS CONVERSION DE ENERGIA
MEDI 2110,SEMI.II Y AT. PRI. A LA COMU.
MEDI 1208,EMBRIOLOGIA
ICYA 4422,ANALISIS AVANZADO ESTRUCTURAS
LENG 2228,GRAMMAIRE EN CONTEXTE
MATE 1209,"CALCULO 3 (ECONOMIA,ADMON)"
MATE 6981,PRETESIS 2
DERE 3835,CJ-PRISIONES Y C�RCELES
MUSI 1911,CANTO 2
MUSI 3505,COMPOSICION GRADO
ARTI 4301,PROYECTO FINAL
ISIS 3302L,"LAB MODELA, SIMULACION Y OPT"
IIND 3221C,REFUERZO LOG�STICA
GEOC 3048,S�SMICA Y SISMOLOG�A
FILO 3992,PRACTICA DE MEDIO TIEMPO
ICYA 3202,DISE�O ESTRUCTURAL
ICYA 4414,MODELACION CON ELEMENTOS FINIT
MUSI 2209,CONTRAPUNTO 2
ARQU 1111,TALLER DE COMPOSICION 1
ARTE 2203,VIDEO EXPERIMENTAL
DERE 2207,ARGUMENTACION EN PROCESOS CIVI
MATE 6984,PRETESIS 4
ECON 3704,DERIVADOS FINANCIEROS
LENG 3921,PRACTICA DOCENTE
ISIS 1104,MATEM�TICA ESTRUCTURAL Y L�GIC
IBIO 2780,PROYECTO DE DISE�O 1
IMEC 1503,DISE�O GRAFICO EN INGENIER�A
MUSI 2502,INSTRUMENTACION 1
MBIO 2301,BACTERIOLOGIA-LAB
MUSI 1910,CANTO 1
IMEC 2540,DINAMICA DE SISTEMAS MECANICOS
LENG 2707,VOCES Y PAISAJES DE LUSOFON�A
ARQU 3828,PROYECTO UI ARQU URBANA
CIDE 4114,SEMINARIO TUTORIAL
MINE 4101,CIENCIA DE DATOS APLICADA
MEDI 3425,PSIQUIATR�A
MATE 3904,SEMINARIO PROYECTO DE GRADO 1
IBIO 2650,BIOMATERIALES
MEDI 3525,MODULO SELECTIVO II ADMINIS. 3
LENG 6993,INGLES DOCTORADOS 3
MATE 6980,PRETESIS 1
FISI 3760,FISICA DEL ESTADO SOLIDO
MEDI 3538,INTERNADO SELECT. INVEST. 2
QUIM 3014,PROYECTO DE GRADO
IIND 2104C,REFUERZO MODELOS PROBABILISTIC
MATE 3426,GRUPOS DE LIE
FISI 6115,SEMINARIO AVANZADO 5
ADMI 3238,MERCADEO VERDE
MUSI 1206,ENTREN AUDITIVO 2
MUSI 1204,ARMONIA 3
ECON 3301,ECONOMETRIA 2
MEDI 1210,FARMACOLOGIA
MATE 4159,TEO INVARIANTES ALGORITMICA
PSIC 4107,DISE�O PROY INV III COLOQ II
MUSI 2815,LITERATURA VOCAL 2
LENG 1105,INGL�S 5
ISIS 2804,LAB MARATONES PROGRAMACION
MGPD 4430,TRABAJO DE CAMPO II
IMEC 2520L,LABORATORIO MEC. S�L. DEFORMAB
CBIO 6915,PASANTIA DOCTORADO 2
ISIS 2603,DESARROLLO DE SW EN EQUIPO
EGOB 4109,T�CNICAS DE AN�LISIS DATOS II
MUSI 2416,INSTRUMENTO 6 - 15
FISI 4014,SEM2.QFT/FISICA-MATEMATICA
IMEC 1000C,COMPL.INTRODUCCION IMEC
MUSI 2806,TALLER L�RICO 2
CPOL 3995,PRACTICA DOCENTE
IQUI 2300,INGENIERIA DE REACCIONES
MATE 6975,SUSTENTACI�N DE PROYECTO
HART 3990,SEMINARIO TRABAJO DE GRADO
MEDI 3409,TURNOS CLINICOS I
PSIC 3892,BEYOND CBT
IBIO 2560,PROC.SE�ALES E INST. BIOMED.
PSIC 1205,PRINCIPIOS DE NEUROCIENCIAS 2
ARQU 2102,PROYECTO TECTONICA
FILO 3991,PRACTICA DE TIEMPO COMPLETO
IQUI 3001,PROCESOS DE SEPARACION
FISI 4042,TOPICOS EN MECANICA ESTADISTIC
IIND 3218,FUNDAMENTOS DE LA CALIDAD
IMEC 1541,MECANICA DE SOLIDOS RIGIDOS
ECON 2202,MACROECONOMIA 3
MEDI 3541,INTERNADO SELECTIVO AT. PRI. 3
GEOC 2018,GEOQU�MICA
MUSI 3313,CONCIERTO DE GRADO - 15
ARQU 3852,PROY UI ARQU Y BELLEZA
ARQU 3912,PROYECTO UNIDAD AVANZADA GRP3
ECON 3501,HISTORIA ECONOMICA DE COLOMBIA
IQUI 3001C,COMPL. PROC. SEPARACION
ICYA 4217,TESIS 1 MIAMB
IIND 6003,TUTORIAL 2
LENG 1204,FRANC�S 4
IELE 3138,SIST. ELECTRICOS INDUSTRIALES
PSIC 2708,DISE�O Y AN�LISIS DE INV. 3
MBIO 1100,BIOLOGIA CELULAR-TEO
DISE 2132,ESTUDIO 5: DESARROLLO
ECON 6981,INVESTIGACION TESIS DOCTORAL 2
IGEN 3129,TALLER INTEGRADO DE INNOVACI�N
CBIO 6985,TESIS DOCTORADO 6
GEOC 3039,LAB ESTRATIGR. Y SEDIMENTOLOG.
IQUI 3010,OPERACIONES UNITARIAS
CPOL 3100,SEM POLITICA COMPARADA
ECON 6985,INVESTIGACION TESIS DOCTORAL 6
PSCL 4400,INVESTIGACI�N DIRIGIDA
BIOL 3325,BIOLOGIA DE CONSERVACION-LABOR
IQUI 2020C,COMPL. TERMODIN�MICA
QUIM 1303,FUNDAMENTOS QU�MICA ORG�NICA
ISIS 4426,DESARROLLO DE SOLUCIONES CLOUD
MUSI 2200,PIANO COMPLEMENTARIO 4
EGOB 4111,ANALISIS DE PROBLEMAS COLOMBIA
ARQU 2410,PAISAJE URBANO
ANTR 3171,SEMINARIO ETNOGRAFIA
ECON 6983,INVESTIGACION TESIS DOCTORAL 4
FISI 6975,PASANTIA IV
FISI 6114,SEMINARIO AVANZADO 4
ARQU 3850,ANALISIS UI TECTONICA Y ESTRUC
ARTE 3114,PINTURA EXPERIMENTAL
BIOL 2310,VERTEBRADOS TEO
DISE 2100,ESTUDIO 3
GEOC 2057,MECANICA DEL CONTINUO
MATE 3159,TEO INVARIANTES ALGORITMICA
MEDI 3535,INTERNADO SELECTIVO ADMINIST.2
MGEO 4503,EJERCICIO ESCRITO
LENG 1328,PHONETIK UND M�NDLICHER AUSDRU
IELE 2010,MATERIALES PARA IEE
IMEC 2320L,LAB TRANSFERENCIA DE CALOR
LITE 2101,TEORIA LITERARIA 3
MEDI 1106,MEDICINA SOCIAL
BCOM 4991,TESIS 8 CR
IELE 2402,COMUNICACIONES
DISE 2122,ESTUDIO 5: DIRECCI�N CREATIVA
QUIM 4165,SEMINARIO II
MGEO 4502,TRABAJO DE GRADO
MINE 4102,ANALISIS INFORM SOBRE BIG DATA
ARQU 3832,AN�LISIS UI VIVIENDA
IMEC 3520,APLIC DISE�O MEC EN INDUSTRIA
MATE 3905,SEMINARIO PROYECTO DE GRADO 2
ANTR 3185,TRABAJO DIRIG EN ANTR.SOCIAL
CSOF 5200,PROYECTO 2
IIND 3311C,COMPL. ESTRAT. ORGANIZACIONAL
CBIO 4912,TESIS MAESTRIA 1
MEDI 3536,INTERN. SELECT. ATENC. PRIMAR2
ICYA 2203,ANALISIS SIST. ESTRUCTURALES
ARQU 3851,TEORIA UI TECTONICA Y ESTRUC
ECON 2203C,COMPL INTRODUCCI�N A LA MACRO
IBIO 4680,VISION POR COMPUTADOR
IIND 2202C,COMPL. FUNDAMENTOS PRODUCCI�N
MUSI 2206,ARMONIA 5
PSIC 2504,PSICOL SOCIAL EXPERIM
LENG 1329,DEUTSCHE GRAMMATIK
EDUC 2001,CURSO TUTORIAL DISCIPLINAR
DDER 6402,TUTORIA 2
FISI 2992,ASTROFISICA ESTELAR
ADMI 3604,TALLER DE INNOVACION
ARQU 1552,HERRAMIENTAS DIGITALES
QUIM 1101,QUIMICA GENERAL
EDUC 6021,EVAL.IMPACTO EDUC.Y CIENC.SOC.
ARQU 3931,ANALISIS UNIDAD AVANZADA GRP2
ARTE 2109,FUNDAMENTOS DE ESCULTURA
IBIO 4120L,LAB. DIN�MICA CARDIOVASCULAR
MEDI 3440,INTERNADO OBLIGATORIO PEDIAT.
ARTE 3117,FOTO PAISAJE
ARQU 3830,AN�LISIS UI FORMA
ISIS 1205L,LAB ALGORITMICA Y PROG. OBJ II
ARTE 1118,FOTO B�SICA 2 :DIGITAL
BCOM 4990,TESIS 4 CR
DERE 3801,CONSULTORIO JURIDICO I
FISI 6990,SUSTENTACI�N DE TESIS
ADMI 3109,PLANES DE NEGOCIOS
DPUB 4401,TRABAJO DE GRADO
MEDI 2310,SISTEMA URINARIO Y RENAL
MEDI 3424,NEUROLOGIA
IIND 2109C,REFUERZO SIST. APOYO DECISION
FISI 1018,FISICA I
ANTR 2301,METODO DE ANALISIS LING�ISTICO
ANTR 3184,TRABAJO DIRIG EN ARQUEOLOGIA
FILO 6961,TUTORIAL DE PROYECTO 2
MATE 1208,CALCULO VECTORIAL (HONORES)
ARQU 3863,TEORIA UI ARQU DEL PAISAJE
FISI 6982,TESIS II
IIND 3000,PROYECTO DE GRADO 1
MUSI 3601,TALLER DE GRABACION 2
IIND 3311,ESTRATEGIA ORGANIZACIONAL
MDER 4203,COLOQUIO DE INVESTIGACION
MBIO 2305,PARASITOLOGIA-LAB
IQUI 3041,TALLER MODELAMIEN.Y SIMULACION
PSIC 3833,PSICOLOGIA COMUNITARIA
FILO 3213,LATIN V
ARQU 3933,AN�LISIS UNIDAD AVANZADA GRP4
FISI 4051,LABORATORIO AVANZADO
ECON 3714,ECONOMIA BANCARIA
LENG 1604,ITALIANO 4
MECU 4202,TUTORIA DE INVESTIGACION I
MEDI 3432,BITACORA CLINICA V
MIAD 4982,SEM. INVESTIGACI�N I PHD
DDER 6202,METODOS DE INVESTIGACION 2
MEDI 3438,INTERNADO OBLIGATORIO GINE-OBS
ICYA 6962,PROYECTO DIRIGIDO 2
MBIO 2304,PARASITOLOGIA-TEO
CPOL 6974,EX AREA MAYOR-POL COMPARADA
ICYA 2304,FUNDAMENTOS DE GEOTECNIA
IIND 2202,FUNDAMENTOS DE PRODUCCION
LITE 2408,GRIEGO III
MEDI 3517,MODULO SELECTIVO II HOS. CL. 1
QUIM 1212,QUIMICA INORGANICA II
ICYA 4502,TALL. HERRAM. EXPERIM. GEOTECN
MEDI 2309,SISTEMA NERVIOSO
ARQU 3911,PROYECTO UNIDAD AVANZADA GRP2
QUIM 1105,APLICACIONES DE QU�MICA
ICYA 1117,MECANICA DE MATERIALES
MATE 2210,CALC VARIABLE COMPL (INGENIER)
ANTR 4138,LECTURAS DIRIGIDAS 2
FISI 6962,CURSO DIRIGIDO II
ICYA 3104,PROYECTO ESPECIAL PREGRADO
MEDI 3439,INTERNADO OBLIGATORIO MED-INTE
MUSI 3620,TRABAJO DE GRADO - 15
ARTE 2207,ARTE SONORO
ECON 6402,SEMINARIO INVESTIGACION 2 DOC
ARQU 3351,ARQU EN TIERRA CRUDA
ECON 4301,ECONOMETRIA AVANZADA
IELE 2210,SISTEMAS ELECTRONICOS DIGITALE
IELE 3135,AUTOMAT SISTEMAS DISTRIBUCION
MBIT 4101,HABILIDADES GERENCIALES EN TI
FISI 3000,PRACTICA DOCENTE FISICA
ICYA 4532,SEMINARIO GEOSI
DISE 3146,ESTUDIO 6: INTERACCI�N
IQUI 2021,EQUILIBRIO DE FASES Y QUIMICO
MATE 4426,GRUPOS DE LIE
MUSI 3402,CONJUNTO 8
LENG 2412,JAPONES 6
BCOM 4104,ESTADISTICA BIOLOGIA COMPUTAC.
MGAP 4414,POLIT.GEST.AMBIENTAL AMERICA
MECU 4203,TUTORIA DE INVESTIGACION II
PSIC 3883,PSICOLOGIA SOCIAL DEL DEPORTE
FISI 6117,SEMINARIO AVANZADO 7
MEDI 3500,MODULO SELECTIVO I ADMINIST. 1
DISE 2112,ESTUDIO 5: PRODUCCI�N CREATIVA
MATE 1107,ALGEBRA LINEAL 2
MUSI 1416,INSTRUMENTO 2 - 15
ARQU 3854,TEORIA UI ARQU Y BELLEZA
MEDI 3503,MODULO SELECTIVO I INVESTIG. 1
ARQU 2101,PROYECTO HABITAR
MEDI 3516,MODULO SELECTIVO II AT. PRI. 1
PSIC 4106,DISE�O PROY INV II COLOQI
ARQU 3932,AN�LISIS UNIDAD AVANZADA GRP3
LENG 2115,INGLES 5 - LENGUAS Y CULTURA
MEDI 2000,REQUISITO DE VACUNAS 5� SEM
MUSI 2822,PIANO APLICADO 1 - 15
IBIO 4120,DIN�MICA CARDIOVASCULAR
IBIO 4401,BIOLOGIA AVANZADA
LENG 1404,JAPONES 4
MUSI 2606,AUDICION CRITICA
MEDI 1200,ANATOMIA
MEDI 3407,PEDIATRIA
DISE 3199,ESTUDIO 8: PROYECTO DE GRADO
ISIS 1206L,LAB. ESTRUCTURAS DATOS
LENG 3931,SEMINARIO DOCENCIA 2
MEDI 3411,CIRUGIA
GEOC 3050,SEMINARIO DE GEOCIENCIAS
EDUC 6007,COLOQUIO DE INVESTIGACION III
ISIS 4005,INTERCAMBIO INTERNACIONAL
IBIO 6962,PROYECTO DIRIGIDO 2
ICYA 4214,TESIS 2 MICIV
MIAD 4990,SUSTENTACI�N TESIS
ARQU 3862,ANALISIS UI ARQU DEL PAISAJE
QUIM 2519,LAB DE FUNDAMENT FISICOQUIM
ICYA 4603,DISE�O GEOM DE V�AS AVANZADO
MATE 2506,PROBABILIDAD Y ESTADIST.(ECON)
ICYA 3108,PRERREQUISITO PROYECT. ICIV
IIND 3312,EMPREND.INNOVAC.EN INGE
IQUI 4302,TESIS II
ICYA 3079,PROY. FINAL DISE�O ING. AMB.
ICYA 4126,AN�LISIS RIESGO QUIM. MICROBIO
MEDI 2301,PARASITOLOGIA MEDICA
ECON 2301,ECONOMETRIA 1
MUSI 3500,ORQUESTACION 1
PSIC 3801,ETICA PROFESIONAL
BIOL 1301,BIOLOGIA DE ORGANISMOS-LAB
MATE 3420,TOPOLOGIA 1
MEDI 2307,SISTEMA COMPOR. Y PSIQUIATRIA
IMEC 2411,INGENIER�A DE MATERIALES
MGEO 4504,MAPA
MUSI 2823,PIANO APLICADO 2 - 15
ARTI 4205,ARQUITECTURA PROCESOS NEGOCIO
IQUI 1001,INTROD.INGENIERIA QUIMICA
ECON 4666,MACROECONOMIA FINANCIERA
PSIC 3869,NEUROCIENCIAS COGNITIVAS
DECA 1102,PRACTICA SOCIAL 2
IIND 4215,CONTROL DE CALIDAD AVANZADO
ARQU 3252,SUIZA: LAB DE ENCUENTRO N/S
IBIO 2251,LAB. FEN�MENOS DE TRANSP. BIOL
IELE 3330,TALLER DE CONTROL
MUSI 1208,PIANO COMPLEMENTARIO 1
MEDI 3521,MODULO SELECTIVO II AT. PRI. 2
MUSI 2201,PIANO COMPLEMENTARIO 5
ARTE 2108,FUNDAMENTOS DE DIBUJO
IMEC 4702,TESIS 2
MUSI 3613,ACUSTICA
FISI 4708,MAGNETISMO Y MATERIALES MAG.
MATE 4330,ANALISIS FUNCIONAL
ARTE 2112,PINTURA Y OBJETO
FILO 6981,TUTOR�A DE INVESTIGACI�N 1 DOC
MEDI 3400,BITACORA SEMIOLOGIA I
ADMI 1203,PLANEACION FINANCIERA
QUIM 1000,INTRODUCCION A QUIMICA
CBIO 6990,SUSTENTACION DE TESIS
FISI 3801,SEMINARIO DE BIOFISICA
IMEC 2210L,LABORATORIO MECANICA FLUIDOS
MUSI 2407,INSTRUMENTO 7
MEDI 3522,MODULO SELECTIVO II HOS. CL. 2
MUSI 2415,INSTRUMENTO 5 - 15
MBIT 4301,PROYECTO FINAL
MATE 3712,TEORIA DE JUEGOS
MDIS 4203,FUNDAMENTOS 3
PSIC 2316,PSICOLOGIA DE LA PERCEPCION
BIOL 1327C,COMPL ECOLOGIA: PRINC Y APLICA
MUSI 1205,ENTREN AUDITIVO 1
IELE 3208,TALLER DE ELECTRONICA
LENG 1403,JAPONES 3
ARQU 2330,SISTEMAS DE CONSTRUCCION Y EST
FISI 6116,SEMINARIO AVANZADO 6
ARQU 2201,ARQUETIPOS EN ARQUITECTURA
ISIS 2203,INFRAESTRUCTURA COMPUTACIONAL
MEDI 3532,INTERNADO SELECTIVO HOS. CL. 1
ARTI 4106,ARQUITECTURA EMPRESARIAL
IMEC 2411L,LAB. INGENIERIA DE MATERIALES
MEDI 3442,INTERNADO OBLIGATORIO URGENC.
MATE 1508,ESTADISTICA (CONTADURIA)
ARTE 3602,ANTEPROYECTO NUEVO
MEDI 3537,INTERNADO SELECTIVO HOS. CL. 2
MBIO 3601,FITOPATOLOGIA-LAB
DECA 1103,PRACTICA SOCIAL 3
CPOL 1500,FUNDAMENTOS DE METODOLOGIA
FISI 6112,SEMINARIO AVANZADO 2
MUSI 3401,CONJUNTO 7
IMEC 3460C,COMPL.SISTEMAS DE MANUFACTURA
ISIS 2304,SISTEMAS TRANSACCIONALES
ANTR 3186,TRABAJO DIRIG EN ENTOLINGUISTI
MEDI 3534,INTERNADO SELECTIVO SALUD P.1
ECON 4568,MICROECONOMIA III
MUSI 2406,INSTRUMENTO 6
ARTE 1115,TALLER DE ILUMINACION
MEDI 2304,SISTEMA HEMATOPOYETI. Y NEOPL.
MEDI 3518,MODULO SELECTIVO II INVESTI. 1
LITE 3993,PR�CTICA�DE�GRADO
MUSI 3403,INSTRUMENTO 8
SPUB 4109,PROYECTO DE GRADO II
CONT 2462,AN�LISIS DE SISTEMAS DE INFORM
FISI 6973,PASANTIA II
IIND 4337,SIMUL.BASADA AGENTES (SIMBA)
IMEC 3530C,COMPL.DISE�O SIST MECANICOS
MBIO 3518,GENOMICA Y BIOINFORMATICA-LAB
ISIS 3302,"MODELADO, SIMULACION Y OPTIMIZ"
FISI 1012,FISICA BASICA 1
IBIO 4780,TESIS I
ARTE 2116,GRABADO EN METAL
LENG 2211,FRANCES 5
MBIO 3604,MICROBIOLOGIA AMBIENTAL-TEO
LENG 1303,ALEMAN 3
EDUC 4206,TESIS 1
MEDI 1211,FISIOLOGIA
ARTE 3100,DIBUJO EXPERIMENTAL
PSCL 4102,PSICOLOG�A CL�NICA III
CPOL 4103,TRABAJO DE GRADO
ARQU 3990,INSCRIPCION A GRADO
CIDE 4135,TUTORIAL DE INVESTIGACI�N
ICYA 4320,GERENCIA PROY. INMOBILIARIOS
LITE 2406,GRIEGO II
LENG 1745,CHINO 5
MEDI 2311,SISTEMA MUCOCUTANEO
MBIO 2303,BIOLOGIA DE HONGOS-LAB
ICYA 4608,MATERIALES ASF�LTICOS
IMEC 3460,SISTEMAS DE MANUFACTURA
MUSI 1202,ARMONIA 1
CPOL 6980,TRABAJO GRUPO DE INVEST. DOCT.
IELE 6990,SUSTENTACION DE TESIS
MUSI 1611,SOFTWARE MUSICAL 2
HIST 4707,LECTURAS DIRIGIDAS 2
DERE 3813,CJ PAIS PRIMARIA
LENG 1103,INGL�S 3
FISI 6985,TESIS V
IELE 2100,ELEMENT.SISTEMAS ELECTRICOS
DEIN 4404,TRABAJO DE GRADO
FISI 6119,SEMINARIO AVANZADO 9
FISI 6983,TESIS III
EDUC 5300,SEMINARIO DE INVES. - ACCI�N
IIND 2103C,REFUERZO PRINCIPIOS OPTIMIZAC.
MUSI 3303,CONCIERTO GRADO
MUSI 1415,INSTRUMENTO 1 - 15
MUSI 2205,ARMONIA 4
MUSI 3504,COMPOS.MEDIOS COMPLEMENT.
IELE 3338,ROBOTICA
ISIS 2403,ARQUITECTURA EMPRESARIAL
ISIS 3990,INSCRIPCION A GRADO
ISIS 4217,PARADIGMAS DE PROGRAMACI�N
ANTR 3990,INSCRIPCION A GRADO
CPOL 6978,EX AREA MENOR-POL COMPARADA
ICYA 2412,MEC�NICA DE FLUIDOS AMBIENTAL
ICYA 4119,GESTI�N DE LODOS
CBIO 6982,TESIS DOCTORADO 3
ICYA 3401,HIDROLOGIA
MIAD 4980,SEMINARIO I DE TESIS
FILO 6983,TUTOR�A DE INVESTIGACI�N 3 DOC
ARTE 2206,ARTE SCRIPTUM
MUSI 3406,RECITAL GRADO
IELE 3000,SEMINARIO PROYECTO DE GRADO
FISI 1048,FISICA MODERNA
ICYA 3307,DISE�O DE VIAS
IIND 2109,SISTEMAS APOYO A LA DECISION
MBIT 4201,EMPRENDIMIENTO Y COMERCIO ELEC
ADMI 2557,HERRAMIENTAS TOMA DECI II
DDER 6203,SEMINARIO DE INVESTIGACION
MUSI 2212,MORFOLOGIA 1
ARQU 3829,ANALISIS UI ARQU URBANA (C)
IQUI 2091,TALLER PMC
IMEC 1410,CIENCIA DE MATERIALES
ECON 4651,APLIC EMPIR EN ECON POLITICA
FISI 4602,SEMINARIO 2 DE GEOFISICA
LENG 1602,ITALIANO 2
PSCL 4110,REVISTA DE CASOS CL�NICOS II
MATE 1207,CALCULO VECTORIAL
CBIO 6980,TESIS DOCTORADO 1
MBIO 3600,FITOPATOLOGIA-TEO
ICYA 4213,TESIS 1 MICIV
FISI 1860,ELECTRONICA PARA CIENCIAS
BIOL 3321,ENTOMOLOGIA-LAB
ARQU 3168,GESTION Y DESARROLLO PROY BIM
IIND 2302C,COMPL. PENS SISTE ORGANIZACION
HIST 3991,PRACTICA PROFESIONAL
IELE 2300,ANALISIS DE SISTEMS DE CONTROL
MIIA 4005,TRABAJO PR�CTICO DE GRADO 2
ANTR 3102,PENSAM. ANTROPOLOGICO COLOMB.
ADMI 3502,ESTRATEGIA
FISI 6988,TESIS VIII
MATE 3415,GEOMETRIA LORENTZIANA
PSIC 2312,PSICOLOGIA DEL APRENDIZAJE
ECON 3740,SEM E.SECTORES Y DLLOPRODUCT.
IELE 1400,FUNDAMENTOS DE REDES
MUSI 3616,POSPRODUCCI�N 1
ICYA 3103,PROYECTO GRADO ING AMBIENTAL
MUSI 2514,COMPOSICI�N PARA LA IMAGEN I
MUSI 2619,TECNOLOG�A DEL AUDIO 2
MECA 4402,EVALUACI�N DE IMPACTO
MISO 4101,PROCESOS DE DESARROLLO AGILES
FISI 4902,SEM.2 ASTRONOMIA Y ASTROFISICA
MBIO 2103,BIOLOGIA MOLECULAR-LAB
ISIS 3301,INTELIGENCIA DE NEGOCIOS
DERE 3609,CONCURSO PHILIP JESSUP
GEOC 2028,MINERALES FORMADORES DE ROCAS
MEDI 1100,INDUCCION
FISI 1028,FISICA II
MUSI 2808,TALLER L�RICO 4
ISIS 3204L,LAB INFRAEST DE COMUNICACIONES
ADMI 2801,LA GESTION DE LO PUBLICO
MEDI 3502,MODULO SELECTIVO I HOSP. CL. 1
MFIN 4204,ECONOMETR�A
MSIN 4005,INTERCAMBIO INTERNACIONAL
EDUC 6022,INVESTIGACI�N DOCTORAL III
MINE 4201,SISTEMAS DE RECOMENDACI�N
IMEC 3702,PROBLEMA ESPECIAL
FISI 4402,SEMINARIO 2 DE OPTICA CUANTICA
MEDI 2308,SISTEMA GASTROIN. Y NUTRICION
IBIO 6963,PROYECTO DIRIGIDO 3
LENG 6992,INGLES DOCTORADOS 2
ECON 6105,MICRO AVANZ TEORIA JUEGOS DOC
MATE 4512,DIN�MICA ESTOC�STICA
ADMI 3210,MERCADOS DERIVADOS
FISI 4802,SEMINARIO 2 DE BIOFISICA
HART 1201,PENSAR LA HISTORIA DE ARTE
LENG 1402,JAPONES 2
MBIT 4005,INTERCAMBIO INTERNACIONAL
MUSI 2612,FUNDAMENTOS DE AUDIO Y AC�STIC
MATE 3125,LOGICA MODAL
ARQU 3822,TEORIA UI VIVIENDA
MBIO 3101,BIOL.CELU Y MOLEC.PROCAR.-LAB
ARQU 3325,SEM. ESTRUCTURAS MADERA
IMEC 2320,TRANSFERENC.CALOR
MSIN 4206,COMPUTACI�N FORENSE
EDUC 6014,INVESTIGACI�N DOCTORAL II
IELE 3001,PROYECTO DE GRADO ELECTRICA
QUIM 1511,LABORATORIO DE FISICOQUIMICA I
MUSI 3614,MASTERIZACI�N
QUIM 3013,LABORATORIO DE Q. AVANZADA
ICYA 3308,INGENIERIA DE PAVIMENTOS
ADMI 3405,SISTEMAS INFORMACION GERENCIAL
CPOL 6976,EX AREA MENOR-RELACIONES INTER
FISI 6986,TESIS VI
MADM 4551,JUEGO GERENCIAL
ADMI 2206,COMPORTAMIENTO DEL CONSUMIDOR
MATE 3131,TEORIA DESCRIPTIVA DE CONJUNTO
MEDI 2313,SISTEMA REPRODUCTIVO
ICYA 3078C,COMPL PROY FINL DISE�O ING CIV
MATE 1212,MATEMATICAS 1 (BIO-MED)
MEDI 3515,MODULO SELECTIVO II ADMINIS. 1
PSIC 3962,DESARROLLO PSICOLOGICO
FISI 6971,PASANTIA
ICYA 6963,PROYECTO DIRIGIDO 3
EDUC 6010,COLOQUIO DE INVESTIGACION VI
ANTR 2106,ETNOHISTORIA AMERICANA
ARQU 3812,PROY. UNIDAD INTERM. VIVIENDA
CPOL 2244,ENFOQUES CONCEPTUALES RRII
MEDI 3519,MODULO SELECTIVO II SALUD P. 1
CPOL 6977,EX AREA MENOR-TEORIA POLITICA
MATE 4157,INT. REPRESENT. GRUPOS FINITOS
ECON 4649,SEM MINERIA DATOSYAPLICACIONES
PSIC 2503,PSICOLOG�A SOCIAL CR�TICA
ARTI 4208,ARQUITECTURAS NUEVA GENERACI�N
FISI 3098,MONOGRAFIA
MPER 4300,INVESTIGACI�N EN PERIODISMO
BIOL 3320,ENTOMOLOGIA-TEO
FISI 6987,TESIS VII
IBIO 2241,LAB PROGRAMACION CIENTIFICA
MATE 3802,PRACTICA ENSENANZA 2
QUIM 3516,QUIMICA COMPUTACIONAL
ARQU 2203,ARQUITECTURA MODERNA
FISI 1013,LABORATORIO DE FISICA BASICA 1
MEDI 3412,OFTALMOLOG. Y OTORRINOLARINGO.
MISO 4202,MEJOR. PRODUCT: AUTOMATIZACION
IELE 3152,REDES INTELIGENTES
IELE 3206,INSTRUMENTACION ELECTRONICA
IQUI 3091,PROYECTO DE GRADO
ISIS 1209,ALG. Y PROG. OBJ. II (HONORES)
MUSI 3513,COMPOSICI�N PARA LA IMAGEN IV
MUSI 3615,PRE-PROYECTO PRODUCCI�N
IBIO 3370,NEUROCIENCIAS
DDER 6102,TEORIA JURIDICA 2
HIST 3106,ASIST. INVESTIGACION GRADO
EDUC 6012,ELABORACI�N DE PROPUESTA II
MISO 4301,PROYECTO INTEGRADOR
MSIN 4203,GERENCIA DE CSIRTS Y MAN INCID
EGOB 4112,PROYECTO DE GRADO I
IMEC 1541L,LABORATORIO MEC SOL RIGIDOS
DERE 3615,CONCURSO ELSA WTO MOOT COURT
MUSI 1417,INSTRUMENTO 3 - 15
DISE 3125,ESTUDIO 6: PROD INDUSTRIAL
LENG 1101,INGL�S 1
MATE 2510,PROBABILIDAD (HONOR)
BIOL 2201,GENETICA-LAB
ECON 4603,TESIS PEG
LENG 1102,INGL�S 2
MIIA 4001,TRABAJO PRACTICO 1
ADMI 3200,OPCION DE GRADO
HIST 4802,TUTORIAL DE INV. 3- MHIST
MINE 4005,INTERCAMBIO INTERNACIONAL
LENG 1203,FRANC�S 3
MEDI 3531,INTERNADO SELECTIVO AT. PRI.1
QUIM 1619,LAB�FUNDAM�AN�LISIS�QU�MICO
MEDI 1104,PRINCIP. DEL DESARROLLO HUMANO
MATE 2201,ANALISIS 1
MEDI 3435,BITACORA CLINICA IV
QUIM 6961,PROYECTO DIRIGIDO
QUIM 3221,NANOCIENCIAS PARA QU�MICOS
MMER 4309,INVESTIGACI�N DE MERCADOS II
MDER 4202,RETOS AL DERECHO
LENG 2212,FRANCES 6
PSIC 2314,PSICOLOG�A DEL LENGUAJE
IBIO 1011,LAB INTRO ING BIOM�DICA
LENG 1603,ITALIANO 3
MATE 4331,TEORIA ESPECTRAL DE OPERADORES
FISI 2040,TERMODINAMICA
FILO 3010,CODIGO DE MONOGRAFIA
ICYA 1125,GEOM�TICA
FILO 2000,LOGICA 2
ADMI 1190,SERVICIOS ECOSIST�MICOS
ECON 3402,TEORIA POLIT.MONETARIA
MATE 4220,MEDIDA E INTEGRACION
MUSI 2414,INSTRUMENTO 4 - 15
IIND 3113C,REFUERZO SIMULA. EVENT.DISCRET
PSIC 3707,INVESTIGACION DIRIGIDA 1
LENG 1202,FRANC�S 2
MBIO 2310,BIOLOG. MOLECULAR DE LA CELULA
IMEC 2543,DINAMICA DE MAQUINARIA
MBIT 4206,INTEGRACI�N SIST. INFORMAC.
CBIO 4331,BUCEO CIENTIFICO AVANZADO
MEDI 3419,UROLOGIA Y ONCOLOGIA
IMEC 1001L,LABORATORIO DE FUNDAMENTOS
LENG 1117,INGLES 2 - LENGUAS Y CULTURA
MUSI 1404,CONJUNTO 1
LENG 3995,SEMINARIO DE GRADO
IMEC 2543L,LAB DINAMICA DE MAQUINARIA
LENG 1743,CHINO 3
MBIO 2300,BACTERIOLOGIA-TEO
QUIM 1310,QU�MICA ORG�NICA I
EDUC 6009,COLOQUIO DE INVESTIGACION V
EDUC 6016,ELABORACION DE PROPUESTA III
FISI 3771,INTRODUC.A SUPERCONDUCTIVIDAD
QUIM 6981,TESIS 1 (DOCTORADO)
ARQU 3156,LA MAGIA DE LA GEOMETRIA
ANTR 3103,TEORIAS ANTROPOL.CONTEMPOR.
LENG 1225,EXPRESSION ORALE ET PHON�TIQUE
ECON 3743,APLIC EMPIR EN ECON POLITICA
MUSI 3814,LITERATURA VOCAL 7
ICYA 4807,TRANSPORTE PUBLICO Y MASIVO
ICYA 3203,GERENCIA PROY CONSTRUCCION
HIST 6981,TUTORIAL DE PROYECTO II- DHIST
BIOL 3907,"TRABAJO GRADO, MONOGR, PRAC.GR"
ISIS 3425,SISTEMAS EMPRESARIALES
IBIO 4790,TESIS II
ICYA 3601,EVALUACION Y AUDITOR.AMBIENTAL
CPOL 6990,SUSTENTACION DE TESIS
PSCL 4108,PR�CTICA CL�NICA SUPERV. IV
MATE 4424,TOPOLOGIA ALGEBRAICA 2
EDUC 4027,M�TODOS CUALIITATIVOS DE INVES
GEOC 3303,GEOSTATISTICS
ECON 6980,INVESTIGACION TESIS DOCTORAL 1
ARQU 3163,SEM BTA CIUDAD ABIERT COMP.URB
ICYA 4449,DISE - BASICO DE ACERO
MUSI 2303,DIRECCION CORAL 2
GEOC 1022,GEOLOGIA
IQUI 2200L,TALLER DISE�O EXPERIMENTAL
CPOL 6979,EX AREA MENOR-POL COLOMBIANA
ISIS 2008,VISI�N ISIS
PSIC 3866,LOGOTERAPIA Y SENTIDO DE VIDA
FISI 1038,ONDAS Y FLUIDOS
ARTE 2100,DIBUJO DEL CUERPO
ARQU 2420,PROYECTO URBANO
BIOL 2311,VERTEBRADOS LAB
ICYA 3501,CALIDAD DEL AIRE Y METEOROLOGI
FISI 3011,SEMINARIO DE FISICA TEORICA
LENG 4998,TALLER LECTURA 2 POSTGRADO
MEDI 3420,BITACORA CLINICA III
MUSI 2503,INSTRUMENTACION 2
DDER 6404,TUTORIA 4
MATE 2604,TEORIA�DE�ANALISIS�NUMERICO
MATE 6989,TESIS
ECON 6988,INVESTIGACION TESIS DOCTORAL 9
LITE 3405,SEMINARIO DE GRIEGO IV
ARTE 2210,INSTALACION AUDIOVISUAL
ARQU 3930,AN�LISIS UNIDAD AVANZADA
IQUI 3031,DISE�O PLANTAS DE PROCESO
ADMI 3122,JUEGO GERENCIAL
ECON 3727,SEM POL. DE DESARROLLO Y ELCA.
ISIS 4001,TESIS II
MATE 3121,LOGICA 2
ARQU 2310,SISTEMAS DE SOPORTE
ARTE 3217,VIDEOGRAFIAS DE LA MEMORIA
DISE 3147,E6: MODA INDUSTRIA CREATIVA
MATE 4120,LOGICA MATEMATICA
LENG 2312,ALEMAN 6
QUIM 2622,QUIMICA ANALITICA II
ANTR 3183,TRABAJO DIRIG ANTR BIOLOGICA
IQUI 2020,TERMODINAMICA
MUSI 2821,RECITAL MITAD DE CARRERA CANTO
FISI 1022,FISICA BASICA 2
CBIO 6925,PASANTIA 2
ECON 3401,COMERCIO INTERNACIONAL
ARQU 1202,TALLER DE HISTORIA 2
GEOC 3049,LAB. S�SMICA Y SISMOLOG�A
ECON 2203,INTRODUCCI�N A LA MACRO
MATE 4140,TEORIA DE MODELOS 1
MPER 4401,GENEROS PERIODISTICOS 2
CPOL 3500,SEMINARIO INVESTIGACION
IQUI 3040,OPTIMIZACION PROCESOS QUIMICOS
ECON 4213,MACROECONOMIA AVANZADA LP
MINE 4103,ADMIN. DEL CONOCIMIENTO
MUSI 1207,ENTREN AUDITIVO 3
DISE 2606,MEDIO: GR�FICA AVANZADA
HIST 3600,OPCION GRADO MATERIAS MAESTRIA
MEDI 3406,MEDICINA INTERNA
ARQU 3823,TEORIA UI URBANO
GEOC 3101,YACIMIENTOS MINERALES
ANTR 4224,TRABAJO CAMPO
FISI 4012,SEMINARIO 2 DE FISICA TEORICA
MBIO 2101,BIOQUIMICA-LAB
MBIT 4203,BUSINESS ANALYTICS
LENG 6994,INGLES DOCTORADOS 4
IIND 3113,SIMULAC. EVENTOS DISCRETOS
IIND 2301,DINAMICA DE SISTEMAS
DISE 2358,COMUNICACI�N 3
LITE 1614,GRUPO DE TEATRO
QUIM 4250,QUIMICA ORGANICA - INORGANICA
MBIO 2401,BIOESTADISTICA-LAB
MTRI 4301,METOD RESOLUC CASOS TRIBUTARIO
HIST 6970,TUTORIAL DE INV. IV- DHIST
MEDI 3437,INTERNADO OBLIGATORIO CIRUGIA
MEDI 3426,COMP. HUMANO: TOXI. Y SEXUALI.
MEDI 3547,AIEPI
IELE 4021,TESIS II
IELE 4002,SEMINARIO MAG�STER 2
BIOL 2302,INVERTEBRADOS-TEO
ECON 1303,TALLER DE MATLAB
MUSI 3502,COMPOSICION 3
HIST 3101,MONOGRAFIA DE GRADO
QUIM 6984,TESIS 4 (DOCTORADO)
FISI 3040,FISICA ESTADISTICA
MSIN 4301,PROYECTO FINAL
MEDI 3520,MODULO SELECTIVO II ADMINIS. 2
MLIT 4905,TUTORIAL DE PROFUNDIZACI�N 2
IELE 2000,ANALISIS Y SINTESIS CIRCUITOS
MEDI 2303,SISTEMA CARDIOVASCULAR
MEDI 3436,INTERNADO OBLIGATORIO ANESTES.
QUIM 4950,TESIS II
CPOL 1003,TALLER DE INDUCCI�N
ICYA 2401,MECANICA DE FLUIDOS
IIND 4101,OPTIMIZACION AVANZADA
MEDI 3408,BITACORA CLINICA I
IELE 1002,FUNDAMENTOS DE CIRCUITOS
IIND 3221,LOG�STICA
