course_code,name,program_id
FISI 2350,FISICA ATOMICA,1
MATE 4523,ESTAD NO PARAMET. Y REMUESTREO,2
IELE 2009,COMPUTACION CIENTIFICA EN IEE,3
ICYA 1122,MATERIALES EN INGENIERIA CIVIL,4
QUIM 6988,TESIS 8 (DOCTORADO),5
ARTE 2110,DIBUJO Y OBJETO,6
ARTE 2129,GRABADO EN RELIEVE,6
MATE 3801,PRACTICA ENSENANZA 1,2
ANTR 2103,ESCUELAS ANTROPOLOGICAS I,7
ICYA 4716,MODEL. FLUJO Y CONT. ACUI.,4
IIND 3006,PROYECTO INTERMEDIO,8
IQUI 2300C,COMPL. ING. REACCIONES,9
MUSI 3511,INSTRUMENTACI�N DIGITAL,10
QUIM 2313,LAB. QUIMICA ORGANICA II,5
MUSI 3400,CONJUNTO 6,10
EDUC 3000,PRACTICA PEDAGOGICA,11
GEOC 3068,SENSORES REMOTOS SIG Y GPS,12
CPOL 3003,MONOGRAFIA DE GRADO,13
FISI 2026,HERRAMIENTAS COMPUTACIONALES,1
ICYA 4293,PROYECTO GRADO ESTRUCTURAS,4
MFIN 4216,GESTION DE RIESGOS,14
MUSI 1401,INSTRUMENTO COMPL.2,10
FISI 3901,SEM.1 ASTRONOMIA Y ASTROFISICA,1
MATE 3993,PRACTICA EMPRESARIAL 1 (TC),2
MEDI 3418,REANIMACION BASICA Y AVANZADA,15
ANTR 3195,INVESTIGACION DIRIGIDA GRADO,7
DISE 2359,COMUNICACI�N 4,16
IQUI 3104,CIENC. QUIM. Y BIOL. APLICADAS,9
CPOL 6973,EX AREA MAYOR-TEORIA POLITICA,13
MEDI 3543,INTERNADO SELECTIVO INVESTI. 3,15
CBIO 6981,TESIS DOCTORADO 2,17
CPOL 3600,OPCION GRADO MATERIAS MAESTRIA,13
MPER 4301,TRABAJO DE GRADO,18
QUIM 4221,NANOCIENCIAS PARA QU�MICOS,5
MATE 2101,ALGEBRA ABSTRACTA 1,2
ISIS 1104L,LAB MATEM�TICA ESTRUCT Y LOGIC,19
MSIN 4302,TESIS I,20
EDUC 4207,TESIS 2,11
MUSI 3606,PRODUCCION MUSICAL 1,10
IQUI 2301,LAB. INGENIERIA REACCIONES,9
IMEC 3345L,LAB DE SIST DE CONV DE ENERGIA,21
ARQU 1504,DIBUJO ARQUITECTONICO DIGITAL,22
FISI 3708,MAGNETISMO Y MATERIALES MAG.,1
ARTE 2113,PINTURA Y ESPACIO,6
MBIT 4304,PROYECTO DE EMPRENDIMIENTO,23
ARTE 3201,ESPACIOS ELECTRONICOS,6
EDUC 6023,COLOQUIO DE INVESTIGACI�N VIII,11
CIDE 4110,SUSTENTACI�N,24
IBIO 3870,PROYECTO DE DISE�O 2,25
ECON 2101,MICROECONOMIA 2,26
ADMI 2106,RESPONSABILIDAD SOCIAL,27
PSIC 6990,SUSTENTACI�N PROYECTO INV.,28
FILO 6980,TUTORIAL DE PROYECTO 3,29
ARQU 3820,TEORIA UI FORMA,22
EGOB 4110,SEMINARIO DE POSTGRADO II,30
PSIC 3961,PSICOPATOLOGIA,28
ANTR 3194,MONOGRAFIA DE GRADO,7
MDER 4302,TUTORIA II,31
FISI 3028,M�T. COMPUTACIONALES AVANZADOS,1
MUSI 3704,PROYECTO DE GRADO,10
PSIC 3815,SEM.OPCI�N GRADO PROFESIONAL,28
ARTE 2205,COMPOSICION EN MOVIMIENTO,6
ARTE 3205,ANIMACION,6
IQUI 2104,LAB. FENOMENOS TRANSPORTE 2,9
ISIS 4514,SEMANTIC WEB,19
CPOL 3993,PRACTICA DE GRADO,13
MEDI 1101,INTRODUC.A LA PROFESION MEDICA,15
ECON 3730,SEM TEMAS MONETARIOS-BANCARIOS,26
MEDI 3113,HABILIDADES DE COMUNICACION II,15
MUSI 2620,AC�STICA MUSICAL,10
ARQU 1302,TALLER TECNICO 2,22
CPOL 6972,EX AREA MAYOR-RELACIONES INTER,13
IBIO 2240,PROGRAMACION CIENTIFICA,25
ARTE 3118,FOTO DOCUMENTAL,6
MUSI 2417,INSTRUMENTO 7 - 15,10
MUSI 1603,TECLADO 4,10
IIND 3001,PROYECTO DE GRADO 2,8
ANTR 3188,TRABAJ DIRIG EN ZOOARQUEOLOGIA,7
ECON 3739,SEM SINDICALISMO Y MOV.SOCIALE,26
HIST 3103,SEMINARIO MONOGRAFIA DE GRADO,32
ICYA 4136,MODELAC. CONTAMINACION ATMOSF.,4
LENG 2117,ADVANCED EFFECTIVE SPEAKING,33
ARQU 4302,TESIS 2,22
MUSI 2210,CONTRAPUNTO AVANZADO 1,10
SPUB 4105,EPIDEMIOLOG�A AVANZADA,34
GEOC 2029,LAB MINER. FORMADORES DE ROCAS,12
PSIC 3705,TRABAJO DE GRADO 1 06,28
MEDI 1103,ETICA MEDICA Y PROFESIONALI. I,15
DISE 3149,E7: CHALLENGING EXTREMISM,16
FISI 4099,TRABAJO DE GRADO (2),1
FISI 3152,FISICA DE PARTICULAS,1
IIND 2301C,REFUERZO DIN�MICA DE SISTEMAS,8
PSIC 3706,TRABAJO DE GRADO 2 06,28
ICYA 3107,PRERREQUISITO PROYECTO IAMB,4
ICYA 4318,CONSTRUCCI�N SOSTENIBLE: HERRA,4
ANTR 2201,ARQUEOLOGIA COMPARADA,7
HIST 6990,SUSTENTACI�N DE TESIS,32
IQUI 3991,PRACTICA PROFESIONAL 6,9
IIND 4200,MODELOS CONTROL PRODUCC.,8
MATE 1215,CALC. INTEGR-ECUAC.DIFER (HON),2
IELE 4001,SEMINARIO MAG�STER 1,3
ICYA 3102,PROYECTO DE GRADO ING. CIVIL,4
ICYA 2001,MODELACION Y ANALISIS NUMERICO,4
MUSI 3813,LITERATURA VOCAL 6,10
LENG 2311,ALEMAN 5,33
LENG 1302,ALEMAN 2,33
DERE 3834,CJ-I CONCILIACION,35
ANTR 3191,METODOLOGIA DE PRACTICA,7
CONT 1221,TALLER DE COMUNICACI�N ORAL,36
PSIC 2318,MOTIVACI�N,28
IIND 3202,GERENCIA DE PRODUCCION,8
ICYA 3305,ESTRUCTURAS GEOTECNICAS,4
MBIT 4207,NEGOCIO PRODUCCI�N OPERACI�N,23
IIND 4100,MODELOS ESTADIST.LINEALES,8
IIND 4108,APLICA.EN INVEST.DE OPERACI.,8
IQUI 2024,LAB. EQUILIBRIO,9
FISI 6202,INVESTIGACION 2,1
DERE 3909,INVESTIGACION DIRIGIDA,35
ARQU 3859,ANALISIS UI INTERDISC COLOMBIA,22
DISE 3144,E6: DISE�O PARA EXPOSICIONES,16
EGOB 2101,M�TOD CUANTI PARA ASUNT PUB I,30
QUIM 2001,PRINCIPIOS DE LA QUIMICA,5
IIND 4002,TESIS 1,8
PSIC 3882,EMOCIONES MORALES,28
CBIO 4121,INMUNOLOGIA AVANZADA,17
MBIO 2501,INMUNOLOGIA-LAB,37
ARQU 1010,PORTAFOLIO REQUISITO DE GRADO,22
MATE 1253,CALCULO 3 Y ALGEBRA LINEAL 1,2
MBIO 2307,VIROLOGIA-LAB,37
ECON 2102,MICROECONOMIA 3,26
MEDI 3443,PALS / REANIMACION PEDIATRICA,15
IMEC 1503C,COMPL.DISE�O GR�FICO INGEN,21
IMEC 2700,PROYECTO INTERMEDIO,21
PSCL 4105,PR�CTICA CL�NICA SUPERVISADA I,38
ANTR 3187,TRABAJO DIRIG EN ANTR VISUAL,7
ANTR 3992,PRACTICA PROFESIONAL,7
ISIS 1205,ALGORITMICA Y PROGR. OBJ. II,19
DISE 3150,ESTUDIO 7: BIODESIGN CHALLENGE,16
ICYA 4808,GESTION DE SISTEMAS DE TRAFICO,4
ARTI 4108,POWER PEOPLE,39
MISO 4302,TESIS I,40
MUSI 3501,ORQUESTACION 2,10
MUSI 3603,AUDIO DIGITAL,10
ECON 2204,MEDICION Y CONTABILIDAD,26
ECON 3761,SEM AN�LISIS CONFLICTO ARMADO,26
ICYA 3406,MODELACION AMBIENTAL,4
ADMI 2302,INVESTIGACION DE MERCADOS,27
BIOL 3201,GENETICA EVOLUTIVA-LAB,41
MECA 4202,REGULACI�N ECON�MICA,42
MEDI 3114,ETICA MEDICA Y PROFESIONA. II,15
DISE 3131,ESTUDIO 7: SOSTENIBILIDAD,16
ICYA 3702,RESIDUOS SOLIDOS,4
ANTR 3177,SEM. ELECTIVO HOMOLOGADO 1,7
EDUC 4028,SEMINARIO INVESTIGACI�N-ACCI�N,11
ADMI 3615,MERCADEO DEPORTIVO,27
MUSI 2613,TECNOLOG�A DEL AUDIO 1,10
ANTR 4225,TRABAJO DE GRADO,7
MUSI 3302,DIRECCION CORAL 5,10
ECON 3732,MICROECONOMETRIA FINANCIERA,26
MISO 4206,ARQUITECTURA SW �GIL,40
ADMI 2107,GERENCIA DE RECURSOS HUMANOS,27
FISI 3010,MECANICA CUANTICA I,1
ADMI 2205,FINANZAS 3: ESTRATEGIA,27
CPOL 2417,TEORIA CONTEMP POLITICA Y SOC,13
MUSI 3618,TALLER DE MEZCLA,10
LENG 3238,PROBL�MATIQUE INTERCULTURELLE,33
MBIT 4302,TESIS 1,23
IELE 1502,SISTEMAS DIN�MICOS,3
IMEC 1410L,LABORAT.DE CIENCIA MATERIALES,21
IQUI 3320L,LAB.INTR..TECN.LENGUAJ.PERFUM.,9
MBIO 3602,MICROBIOLOGIA DE ALIMENTOS-TEO,37
MEDI 3542,INTERNADO SELECTIVO HOS. CL. 3,15
BIOL 3346,LIMNOLOGIA APLICADA,41
FISI 1029,FISICA EXPERIMENTAL II,1
MEDI 3434,TURNOS CLINICOS III,15
FISI 4702,SEMINARIO 2 MATERIA CONDENSADA,1
ICYA 4709,AN�LISIS DE HIDROSISTEMAS,4
MBIO 3919,TRABAJO DE GRADO,37
ECON 3635,TEOR.FINANZAS PARA ECONOMISTAS,26
ARQU 2430,TEORIAS URBANAS,22
IQUI 3042,TALLER DE OPTIMIZACION,9
ICYA 4212,PROPUESTA TESIS MICIV,4
ECON 3762,ECONOM�A POL�TICA DE G�NERO,26
FISI 1023,LABORATORIO DE FISICA BASICA 2,1
BIOL 3324,BIOLOGIA DE LA CONSERVACION,41
IQUI 1002,LAB. INTRODUCCION ING. QUIMICA,9
FISI 6976,PASANTIA V,1
MUSI 2811,CANTO 5,10
FILO 2130,NIETZSCHE,29
MSIN 4303,TESIS II,20
FISI 3816,BIOLOGIA SINTETICA,1
DERE 3802,CONSULTORIO JURIDICO II,35
IBIO 2250,FEN�MENOS DE TRANSPORTE BIOL�G,25
LENG 1120,EFFECTIVE SPEAKING,33
MUSI 2211,CONTRAPUNTO AVANZADO 2,10
IMEC 4701,TESIS 1,21
FISI 4010,MECANICA CUANTICA AVANZADA 1,1
IIND 4213,DISE�O DE EXPERIM. INGE.,8
MUSI 2208,CONTRAPUNTO 1,10
MEDI 3544,INTERNADO SELECTIVO SALUD P.3,15
FISI 6201,INVESTIGACION 1,1
IIND 2401,ANALIS.DECISION INVERSION,8
IMEC 2210,MECANICA FLUIDOS,21
IQUI 2200,DISE�O EXPERIM. ING QUIMIC,9
ANTR 3180,ELECTIVA EN ANTROPOLOGIA,7
MEDI 3533,INTERNADO SELECTIVO INVESTI. 1,15
MATE 4173,ALGEBRA ABSTRACTA 2,2
ANTR 2102,INSTRUMENTOS DE INVESTIGACION,7
LENG 2114,INGLES 4 - LENGUAS Y CULTURA,33
EDUC 6013,INVESTIGACION DOCTORAL,11
FISI 6974,PASANTIA III,1
MBIO 2306,VIROLOGIA-TEO,37
CPOL 3005,INVESTIGACION PROFESORAL,13
ICYA 4308,PRESUP. AN�LISIS CONTROL COSTO,4
ISIS 4004,TUTORIAL ESPECIAL,19
ICYA 3306,SISTEMAS DE TRANSPORTE,4
MUSI 2408,CONJUNTO CUERDAS,10
IIND 3218C,REFUERZO FUND. CALIDAD,8
MEDI 3523,MODULO SELECTIVO II INVESTI. 2,15
MBIT 4102,FINANZAS Y MERCADEO ESTRAT.,23
MSIN 4101,ING CRIPTOGRAFICA Y APLIC SERV,20
ECON 2104,EVAL. ECONOMICA DE PROYECTOS,26
QUIM 1102,LABORATORIO DE QUIMICA GENERAL,5
BIOL 3995,PROFUNDIZACION INVESTIGACION,41
ICYA 3408,TRATAMIENTO AGUAS RESIDUALES,4
CPOL 6523,LECTURAS DIRIGIDAS,13
LENG 2612,ITALIANO 6,33
IELE 3006,OPTIMIZACION,3
ECON 6986,INVESTIGACION TESIS DOCTORAL 7,26
ECON 4645,REGULACION Y COMPETENCIA,26
MATE 1204,CALCULO DIFERENCIAL (HONORES),2
DISE 2607,TIPOGRAFIA EXPERIMENTAL,16
ISIS 2603L,LAB DLLO DE SW EN EQUIPO,19
IIND 4403,TEORIA DE LA DECISION,8
MUSI 2500,TALLER DE COMPOSICION 1,10
CPOL 3300,SEM POLITICA COLOMBIANA,13
MUSI 2807,TALLER L�RICO 3,10
IIND 2106,PROBABILIDAD Y ESTAD�STICA I,8
IIND 2107C,REFUERZO PROBA Y ESTD II,8
MATE 4904,TRABAJO DE GRADO,2
MUSI 2505,COMPOSICION 2,10
PSIC 3987,PSICOLOGIA DE LA SALUD,28
ISIS 2503L,LAB. ARQUITEC. Y DISE�O DE SW,19
HIST 4801,TUTORIAL DE INV. 2- MHIST,32
DISE 2309,PRODUCTO 4,16
MEDI 1216,PATOLOGIA,15
ISIS 3510,CONSTR. APLICACIONES M�VILES,19
ARQU 4303,PROYECTO DE GRADO,22
BIOL 2303,INVERTEBRADOS-LAB,41
BIOL 1312,BIOLOGIA PARA PSICOLOGIA-TEO,41
LITE 3904,SEMINARIO-TRABAJO DE GRADO,43
DISE 1107,ESTUDIO 2,16
IELE 2002,TEOR�A ELECTROMAGN�TICA,3
ARQU 3853,ANALISIS UI ARQU Y BELLEZA,22
MATE 1203,CALCULO DIFERENCIAL,2
MUSI 2801,TALLER L�RICO 1,10
DERE 2402,ARGUMENTACION EN EL PROCESO PE,35
MEDI 3413,ORTOPEDIA,15
ICYA 2402,HIDRAULICA,4
ISIS 1002,ACOMPA�AMIENTO ISIS,19
CONT 2413,CONTABILIDAD EN UN ENTORNO INT,36
MISO 4303,TESIS II,40
ECON 4113,MICRO AVANZ TEORIA DE JUEGOS,26
FISI 3042,TOPICOS EN MECANICA ESTADISTIC,1
IMEC 3701,PROYECTO GRADO,21
ECON 3602,MEMORIA DE GRADO,26
QUIM 6990,SUSTENTACI�N DE TESIS,5
ECON 4662,INTRO ANALIS ESPACIAL DE DATOS,26
ECON 3626,INTR ECON URB Y DEL TRANSPORTE,26
ICYA 4216,PROPUESTA DE TESIS MIAMB,4
LENG 3922,PRACTICA 2,33
MATE 3512,DIN�MICA ESTOC�STICA,2
ICYA 4138,HIDROLOGIA URBANA,4
ECON 2106,TEORIA DEL CONSUMIDOR Y FIRMA,26
IELE 1010,CIRCUITOS E INSTRUMENTACION,3
IMEC 3700,SEMINARIO PROYECTOS,21
FISI 3902,SEM.2-ASTRONOMIA Y ASTROFISICA,1
QUIM 6983,TESIS 3 (DOCTORADO),5
DERE 3905,EXAMEN DE FACULTAD,35
HIST 6982,TUTORIAL DE PROY. III- DHIST,32
IQUI 2090,PROYECTO DE MITAD DE CARRERA,9
ISIS 1001,INTROD. INGENIERIA DE SISTEMAS,19
BIOL 2308,ECOLOGIA-TEO,41
MEDI 3548,DESCIF. LA ENF: INVEST. BIOMED,15
ARTI 4005,INTERCAMBIO INTERNACIONAL,39
MEDI 2108,SEMI. I Y AT. PRI. A LA COMU.,15
MUSI 2213,MORFOLOGIA 2,10
IMEC 2520,MEC�NICA S�LIDOS DEFORMABLES,21
MEDI 3526,MODULO SELECTIVO II AT. PRI. 3,15
IMEC 2540L,LAB. DINAMICA SISTEM.MECANICOS,21
MEDI 3527,MODULO SELECTIVO II HOS. CL. 3,15
MUSI 3607,PRODUCCION MUSICAL 2,10
FISI 1019,FISICA EXPERIMENTAL I,1
FISI 6984,TESIS IV,1
PSIC 1204,PRINCIPIOS DE NEUROCIENCIAS 1,28
PSIC 3846,PSIC EN SIST INTEGR DE GESTION,28
IIND 3301,SISTEMAS PUBLICOS,8
MBIO 2102,BIOLOGIA MOLECULAR-TEO,37
LENG 2611,ITALIANO 5: ITALIANO Y TEXTOS,33
IIND 2106C,REFUERZO PROBA Y ESTAD I,8
ISIS 4820,AMBIENTES INTERACTIVOS 3D,19
EDUC 6011,PASANTIA DOCTORAL,11
MEDI 2312,SISTEMA OSTEOMUSCULAR,15
MEDI 3415,TURNOS CLINICOS II,15
DISE 3129,ESTUDIO 7: TALLER INNOVACI�N,16
MATE 1505,PROB. Y ESTADISTICA 1,2
LITE 2405,LAT�N II,43
MBIO 3993,PRACTICA DE GRADO,37
LENG 3239,L�HUMOUR DANS LA LANGUE FRANCA,33
PSIC 2707,DISE�O Y AN�LISIS DE INV. 2,28
ARTI 4102,COMUNICACION EFECTIVA,39
MATE 1105,ALGEBRA LINEAL 1,2
LENG 4994,TALLER DE LECTURA 2 - CIFE,33
MATE 1506,PROB.Y ESTADISTICA 2,2
MBIO 2310C,COMP.BIOLOG.MOLECULAR CELULA,37
ARTE 1117,TALLER BASICO 2,6
CPOL 2501,TALLER METODOLOGIA,13
MATE 2301,ECUACIONES DIFERENCIALES,2
DISE 3151,E7: INDUSTRIAS CULTURALES,16
MUSI 3612,ARMONIA POPULAR 2 ANALISIS Y,10
IMEC 4800,PROB. ESPECIAL MAGISTER,21
ARTE 2101,FUNDAMENTOS DE PINTURA,6
IIND 4305,SEMINARIO DE COMPLEJIDAD,8
ISIS 1404,TI EN LAS ORGANIZACIONES,19
CIDE 4151,TRABAJO DE GRADO FINAL,24
LENG 1464,CONVERSA Y ESCRIT EN JAPON�S 4,33
MUSI 2602,SONIDO EN VIVO 1,10
MUSI 3619,PRE-PROYECTO PRODUCCI�N - 15,10
MBIO 3913,TRABAJO GRADO MONOGR PRAC.GR,37
BIOL 3909,TRABAJO GRADO MONOG.PRAT.GRAD,41
ICYA 2407,MICROBIOLOGIA AMBIENTAL,4
MEDI 3416,GINECOLOGIA Y OBSTETRICIA,15
MEDI 3501,MODULO SELECTIVO I AT. PRIM. 1,15
MUSI 2400,CONJUNTO 2,10
LENG 6991,INGLES DOCTORADOS 1,33
IQUI 3002,LAB. PROC. SEPARACION,9
MBIO 3605,MICROBIOLOGIA AMBIENTAL-LAB,37
FISI 3020,MECANICA CUANTICA II,1
LENG 1304,ALEMAN 4,33
MUSI 3512,COMPOSICI�N PARA LA IMAGEN III,10
ARQU 1121,TALLER DE COMPOSICION 2,22
IQUI 2102C,COMPL. FENOMENOS TRANSPORTE 2,9
MATE 6985,PRETESIS 5,2
ISIS 3510L,LAB. CONSTR. APLICAC. MOVILES,19
MBIT 4303,TESIS 2,23
MUSI 2403,CONJUNTO 5,10
CBIO 6971,EXAMEN DE CANDIDATURA,17
MEDI 3410,ANESTESIOLOGIA,15
MATE 2711,METODOS MATEM. PARA ECONO.,2
DISE 1106,ESTUDIO 1,16
ICYA 4704,HIDRAULICA DE TUBERIAS,4
MUSI 2504,COMPOSICION 1,10
IIND 2400,SIST. DE CONTROL GERENCIAL,8
MEDI 1999,REQUISITO DE VACUNAS 3 SEMEST.,15
MIAD 4970,EXAMENES COMPREHENSIVOS,44
DISE 2308,PRODUCTO 3,16
ARTE 3994,PRACTICA ACADEMICA OBLIGATORIA,6
DISE 2101,ESTUDIO 4,16
MEDI 3529,MODULO SELECTIVO II SALUD P. 3,15
CONT 1441,FUNDAMENTOS DE ASEGURAMIENTO,36
ADMI 2556,HERRAMIENTAS TOMA DECI I,27
ICYA 4218,TESIS 2 MIAMB,4
IIND 1001,PROGRAMA DE ACOMPA�AMIENTO,8
MISO 4005,INTERCAMBIO INTERNACIONAL,40
MATE 1214,CALCULO INTEGRAL-ECUAC.DIFEREN,2
ANTR 4137,LECTURAS DIRIGIDAS 1,7
MATE 1106,ALGEBRA LINEAL 1 (HONORES),2
PSCL 4109,REVISTA DE CASOS CL�NICOS I,38
QUIM 2518,FUNDAMENTOS DE FISICOQU�MICA,5
QUIM 1111,QUIMICA EXPERIMENTAL,5
FISI 4102,SEMINARIO 2 ALTAS ENERGIAS,1
HIST 3993,PRACTICA DE GRADO,32
IELE 3110,ECONOMIA SISTEMAS DE POTENCIA,3
ISIS 2203L,LAB INFRAESTRUCTURA COMPUTACIO,19
DERE 1901,EXAMEN DE CICLO 1,35
CIDE 4133,AVANCE TRABAJO DE GRADO,24
FISI 2007,METODOS MATEMATICOS,1
BIOL 3911,PRACTICA DE GRADO,41
IQUI 4301,TESIS I,9
MIIA 4200,MINERIA DE DATOS,45
MEDI 1102,HABILIDADES DE COMUNICACI�N I,15
DADM 6985,SEMINARIO DE TESIS V,46
ICYA 4530,ANALISIS DE RIESGO,4
MUSI 1203,ARMONIA 2,10
IQUI 3032,TALLER DISE�O PLANTAS,9
MATE 1252,CALCULO INTEGRAL-PROBABILIDAD,2
IQUI 2101,FENOMENOS DE TRANSPORTE 1,9
IQUI 2023,LAB. TERMODINAMICA,9
MUSI 2824,PIANO APLICADO 3 - 15,10
PSIC 3600,OPCION GRADO MATERIAS MAESTRIA,28
QUIM 4400,BIOQUIMICA - FITOQUIMICA,5
IELE 3002,PROYECTO DE GRADO ELECTRONICA,3
ARQU 1502,VISUALIZACION Y SIMULACI�N ARQ,22
ARTI 4204,ARQUITECTURA DE SEGURIDAD,39
MUSI 2402,CONJUNTO 4,10
ADMI 3431,MARKETING DIGITAL,27
QUIM 1618,FUNDAMENTOS AN�LISIS QU�MICO,5
ICYA 4350,NIV. ING. GERENC. CONSTRUCCION,4
QUIM 1211,LABORATORIO DE QUIMICA INORG.I,5
ICYA 4292,PROYECTO GRADO GERENCIA,4
DISE 3152,E6: PROD. Y SERVICIOS M�DICOS,16
MUSI 1903,LITERATURA VOCAL 1,10
IBIO 2260,MODELADO Y SIMULACI�N SIST BIO,25
FISI 4405,MECANICA ANALITICA,1
IELE 3430,TALLER DE COMUNICACIONES,3
LENG 1744,CHINO 4,33
MTRI 4202,TEMAS AVANZ TRIB INTERNACIONAL,47
ICYA 4302,PLANIF. CONSTR. LEAN CONSTRUCT,4
ECON 6302,ECONOMETR�A 2 DOC,26
FISI 6972,EXAMEN DE CANDIDATURA,1
FILO 6990,TUTOR�A DE INVESTIGACI�N 4 DOC,29
MEDI 1219,LABORATORIO DE ANATOMIA,15
FISI 1005,COLOQUIO 2 DE FISICA,1
MADM 4550,ESTRATEGIA,48
CBIO 4805,PROFUNDIZAC. EN INVESTIGACION,17
CIDE 4134,ESTUDIOS DIRIGIDOS 2,24
MEDI 3524,MODULO SELECTIVO II SALUD P. 2,15
ECON 3747,ECON DEL COMPORTAMIENTO Y EXPE,26
QUIM 6982,TESIS 2 (DOCTORADO),5
IIND 4324,APLIC. Y TEORIA EVOLUTIVA ORG.,8
ISIS 1105,DISE�O Y ANALISIS DE ALGORI.,19
EGOB 4201,EVALUACION DE POLITICAS PUBL.,30
MATE 2211,CALCULO VARIABLE COMPLEJA,2
IIND 2201,CONTROL DE PRODUCCION,8
PSIC 3916,PSICOANALISIS NI�OS,28
MADM 4206,GERENCIA FINANCIERA,48
ARTE 3200,ARTE Y PROCESOS CIENTIFICOS,6
MATE 3902,PROYECTO DE GRADO,2
ECON 2105,TEORIA DE JUEGOS,26
ICYA 3078,PROY. FINAL DISE�O ING.CIVIL,4
MEDI 3540,INTERNADO SELECTIVO ADMI. 3,15
IQUI 3501,PROYECTO ESPECIAL,9
ANTR 1401,ANTROPOLOG�A BIOL�GICA,7
MBIO 3513,GENOMICA Y BIOINFORMATICA,37
MEDI 3504,MODULO SELECTIVO I SALUD P. 1,15
MUSI 1600,TECLADO 1,10
ANTR 3178,SEM. ELECTIVO HOMOLOGADO 2,7
ECON 4659,TEORIA DE JUEGOS,26
MEDI 3414,BITACORA CLINICA II,15
GEOC 3118,PALAEONTOLOGY MARINE REPTILES,12
IIND 2201C,REFUERZO CONTROL DE PRODUCCION,8
GEOC 3102,YACIMIENTOS MINERALES (L),12
IMEC 1330,TERMODIN�MICA,21
FISI 3101,SEMINARIO DE ALTAS ENERGIAS,1
ISIS 3007,PROYECTO DE GRADO,19
BIOL 1300,BIOLOGIA DE ORGANISMOS-TEO,41
IQUI 3106,FUND CIENCIA INGEN POLIMEROS,9
ECON 6202,MACROECONOM�A LP DOC,26
ISIS 2007,DISE�O PROD. E INNOVACI�N TI,19
DERE 2502,PROTECCI�N LABORAL,35
MUSI 3610,TRABAJO DE GRADO,10
MBIO 2400,BIOESTADISTICA-TEO,37
ARTI 4103,ARQUITECTURA DE NEGOCIO Y TI,39
ICYA 4102,MOD. PROCESOS Y SIST. AMBIENTA,4
CPOL 6975,EX AREA MAYOR-POL COLOMBIANA,13
MEDI 3427,URGENCIAS,15
MUSI 2515,COMPOSICI�N PARA LA IMAGEN II,10
PSIC 3884,INVESTIGACION DEL DESARROLLO,28
ISIS 4002,TUTORIAL,19
IELE 2901,MONITORIA ING ELECTR-ELECTRO 2,3
MUSI 1209,PIANO COMPLEMENTARIO 2,10
MUSI 2816,LITERATURA VOCAL 3,10
ANTR 6983,DESARROLLO TESIS DOCTORAL,7
MEDI 1105,EPIDEMIOLOGIA,15
ARTE 3603,PROYECTO NUEVO PENSUM,6
EGOB 3004,EVALUACI�N DE POL�TICAS P�BL,30
ISIS 1206,ESTRUCTURAS DE DATOS,19
LITE 2100,TEORIA LITERARIA 2,43
CBIO 6987,TESIS DOCTORADO 8,17
FISI 6113,SEMINARIO AVANZADO 3,1
MUSI 2202,PIANO COMPLEMENTARIO 6,10
ECON 4657,POBREZA Y DESARROLLO ECON,26
FISI 6981,TESIS I,1
MATE 6982,PRETESIS 3,2
MUSI 2809,TALLER L�RICO 5,10
PSIC 3990,INSCRIPCION A GRADO,28
DADM 6973,SEM. INVESTIGACI�N II PHD,46
MATE 2507,PROB. Y ESTAD ASUNTOS PUBLICOS,2
FISI 2432,ELECTROMAGNETISMO 1,1
MEDI 1218,BIOQUIMICA,15
IIND 2401C,REFUERZO ANALIS.DECISION INVER,8
MBIO 3603,MICROBIOLOGIA DE ALIMENTOS-LAB,37
IIND 4102,METOD.ESTADISTICOS MULTIVAR.,8
ARQU 3860,TEOR�A UI INTERDISC COLOMBIA,22
IELE 2206,FUNDAMENTOS DE ELECTR�NICA,3
BIOL 2309,ECOLOGIA-LAB,41
MUSI 1602,TECLADO 3,10
LITE 2407,LATIN III,43
ECON 6982,INVESTIGACION TESIS DOCTORAL 3,26
DISE 2357,COMUNICACI�N 2,16
ECON 3502,HIST.ANALISIS ECONOMICO,26
FISI 3013,SEM. QFT/FISICA-MATEMATICA,1
FILO 4811,TUTOR�A DE INVESTIGACI�N 2,29
QUIM 1510,FISICOQUIMICA I,5
IIND 4006,TESIS DE GRADO 2,8
MEDI 2107,ELEMENT. DE DECISION CLINICA I,15
FISI 4098,TRABAJO DE GRADO (1),1
ICYA 2101,TERMOQUIMICA AMBIENTAL,4
ARQU 2103,PROYECTO LUGAR,22
IIND 3402,VALORACION DE EMPRESAS,8
ANTR 3179,SEM. ELECTIVO HOMOLOGADO 3,7
IIND 2103,PRINCIPIOS OPTIMIZACION,8
MEDI 3430,PROYECTO DE GRADO II,15
MATE 6904,PROYECTO DE TESIS 2,2
FISI 2028,M�TODOS COMPUTACIONALES,1
IELE 3420,INGENIERIA DE TELETRAFICO,3
CONT 1211,LIDERAZGO Y �TICA,36
DADM 6974,ASISTENCIA INVESTIGACION,46
IELE 1006,FUNDAMENTOS DE CIRCUITOS,3
EGOB 4115,PROYECTO DE GRADO II,30
CBIO 4913,TESIS MAESTRIA 2,17
ADMI 3107,CONSULTORIA,27
QUIM 3350,ESTEREOQU�MICA Y SELECTIVIDAD,5
MATE 3101,ALGEBRA ABSTRACTA 2,2
ARQU 3910,PROYECTO UNIDAD AVANZADA,22
MEDI 3539,INTERNADO SELECT. SALUD P�B. 2,15
MUSI 2700,ANALISIS MUSICAL 1,10
DISE 2616,FOTOGRAF�A 2: PERSONAS,16
IIND 3309,RELACIONES INDUSTRIALES,8
MUSI 2814,TALLER L�RICO 6,10
EGOB 1105,M�TODOS CUALI PARA ASUNTOS PUB,30
GEOC 3038,ESTRATIGRAF�A Y SEDIMENTOLOG�A,12
ARTE 2120,ESCULTURA Y CUERPO,6
MEDI 3441,INTERNADO OBLIGATORIO ORTOPED.,15
ISIS 1404L,LAB TI EN LAS ORGANIZACIONES,19
IQUI 3012,LAB. OPERACIONES UNITARIAS,9
IELE 2500,SE�ALES,3
PSIC 3800,PSICOLOGIA APLICADA,28
LITE 3903,ASISTENCIA�DE�INVESTIGACI�N,43
MEDI 3417,MEDICINA LEGAL Y CIENCIA FORE.,15
ARQU 3810,PROY. UNIDAD INTERM. FORMA,22
HIST 6985,TUTORIAL DE INV. VII -DHIST,32
LENG 2315,KREATIVES SPRECHEN UND SCHREIB,33
ARQU 3992,PRACTICA INSTITUC.TIEMPO PARCI,22
MBIO 2302,BIOLOGIA DE HONGOS-TEO,37
MUSI 3503,COMPOSICION 4,10
LENG 1104,INGL�S 4,33
MBIT 4202,GOBIERNO DE TI,23
DDER 6403,TUTORIA 3,49
ECON 2201,MACROECONOMIA 2,26
PSIC 3812,PR�CTICA 2 06,28
EGOB 4122,PROYECTO DE GRADO APLICADO II,30
ARQU 1420,TALLER CIUDAD 2,22
QUIM 1301,QUIMICA ORGANICA,5
QUIM 4900,TESIS I,5
DISE 2307,PRODUCTO 2,16
IIND 3222,PRODUCTO INDUSTRIAL,8
ARQU 2202,ARQUITECTURA CLASICA,22
PSIC 3915,GETION Y DLLO.TALENTO HUMANO,28
MUSI 3405,INSTRUMENTO 10,10
MEDI 1212,INMUNOLOGIA,15
MEDI 3423,MEDICINA FISICA Y REHABILITA.,15
PSIC 3814,INFORME DE PR�CTICA,28
IIND 2104,MODELOS PROBABILISTICOS,8
LENG 1742,CHINO 2,33
ICYA 4301,ADMON PROYECTO CONSTRUC,4
IBIO 2261,LABORATORIO MODELADO Y SIMULAC,25
MUSI 3516,COMPOSICI�N DE GRADO PARA CINE,10
FISI 3472,OPTICA CUANTICA (TEO. Y PRACT),1
MEDI 3111,SISTEMAS DE SALUD I,15
IIND 3107,ING. DE MERCADEO,8
MEDI 2300,GEN�TICA M�DICA,15
ARTE 2126,INTROD. PROCESOS IMPRESI�N,6
MATE 1502,ESTADISTICA 2 (C. SOCIALES),2
LITE 3402,SEMINARIO DE LATIN IV,43
MUSI 1601,TECLADO 2,10
MDER 4303,TUTORIA III,31
ICYA 4606,EVAL.DIAG.CONS.PAVIMENTOS,4
MUSI 2818,LITERATURA VOCAL 5,10
MATE 3523,ESTAD NO PARAMET. Y REMUESTREO,2
PSIC 2317,PSICOLOG�A DE LA MEMORIA,28
LENG 1703,PORTUGUES 3,33
ICYA 1116,ESTATICA,4
MUSI 3301,DIRECCION CORAL 4,10
CIDE 4132,ESTUDIOS DIRIGIDOS 1,24
MUSI 2825,PIANO APLICADO 4 - 15,10
FISI 1003,COLOQUIO 1 DE FISICA,1
IELE 3200,ELECTR�NICA AN�LOGA,3
IQUI 2102,FENOMENOS DE TRANSPORTE 2,9
ECON 6987,INVESTIGACION TESIS DOCTORAL 8,26
CBIO 6803,SEMIN.INVESTIGACION DOC. L.D.2,17
QUIM 3215,LABORATORIO QUIMICA INORG. III,5
IIND 4107,PROCESOS ESTOCASTICOS,8
ECON 3609,SEM. COYUNTURA ECONOMICA,26
ICYA 4404,TECNOL. AVANZADAS DEL CONCRETO,4
LENG 2316,WISSENSCHAFTLICHES SCHREIBEN,33
FILO 4810,TUTOR�A DE INVESTIGACI�N 1,29
HIST 6984,TUTORIAL DE INV. VI- DHIST,32
ANTR 3170,SEM.LA PAZ EN PLURAL,7
LENG 1463,CONVERSA Y ESCRIT EN JAPON�S 3,33
MECA 4302,ECONOM�A AMBIENTAL II,42
BIOL 3302,FISIOLOGIA VEGETAL-TEO,41
LENG 2411,JAPONES 5,33
MBIO 2500,INMUNOLOGIA-TEO,37
FISI 2051,LABORATORIO INTERMEDIO,1
MATE 2104,CRISTALOGRAFIA MATEMATICA,2
ARQU 3861,PROY UI ARQU DEL PAISAJE,22
PSIC 2601,PSICOMETRIA,28
QUIM 2314,QUIMICA ORGANICA III,5
ANTR 3993,PRACTICA DE GRADO,7
ARQU 2320,SISTEMAS DE HABITABILIDAD,22
QUIM 1302,LAB�DE�QUIMICA�ORGANICA,5
BIOL 2200,GENETICA-TEO,41
ICYA 4303,SEMIN.PROYECTOS DE INFRAESTRUC,4
LENG 1116,INGLES 1 - LENGUAS Y CULTURA,33
MEDI 3422,PROYECTO DE GRADO I,15
PSIC 3863,PROBLE. INFANTILES-JUEVENILES,28
MBIO 2100,BIOQUIMICA-TEO,37
EDUC 6990,SUSTENTACI�N DE TESIS DOCTORAL,11
ECON 6984,INVESTIGACION TESIS DOCTORAL 5,26
MISO 4204,FABRICAS SW Y LIN PRODUCTOS,40
BIOL 1313,BIOLOGIA PARA PSICOLOGIA-LAB,41
MATE 6986,PRETESIS 6,2
MBIT 4210,TI PARA SECTOR P�BLICO,23
IQUI 3090,SEM.PROYECTO GRADO,9
DERE 3903,INVESTIGACION DIRIGIDA,35
IQUI 2101L,TALLER FENOMENOS TRANSPORTE 1,9
MUSI 3407,RECITAL GRADO CANTO,10
ARTE 2119,DIBUJO Y ESPACIO,6
IIND 4406,GERENCIA FINANCIERA DEL RIESGO,8
MATE 1507,MATEMATICAS 2 (BIO-MED),2
MBIO 1101,BIOLOGIA CELULAR-LAB,37
MUSI 1210,PIANO COMPLEMENTARIO 3,10
GEOC 3069,LAB.SENSORE REMOTOS SIG Y GPS,12
IIND 2107,PROBABILIDAD Y ESTADISTICA II,8
MEDI 2306,SISTEMA RESPIRATORIO,15
ICYA 4503,DIS. GEOTEC. CONFIAB. Y ANALIS,4
ARQU 3858,PROY UI INTERDISC COLOMBIA,22
MISO 4205,MEJORAMIENTO EXPERIENCIA USUAR,40
DERE 3805,PRACTICA DE GRADO,35
ARQU 3991,PRACTICA INSTITUC.TIEMPO COMP,22
IMEC 1000,INTRODUCC.INGEN.MECANICA,21
ISIS 3009,TALLER DE INNOVACION CON TIC 2,19
FILO 2110,HEGEL,29
LENG 1130,WRITING BUSINESS COMMUNICATION,33
DISE 2624,FOTOGRAF�A 2: PRODUCTOS,16
ICYA 4501,PROP. FISIC. SUEL. MECAN. ROCA,4
DADM 6981,SEMINARIO DE TESIS I,46
MEDI 3429,TURNOS CL�NICOS IV,15
MEDI 3530,INTERNADO SELECTIVO ADMIN. 1,15
ARTI 4203,ARQUITECTURA DE INFRAESTRUCTUR,39
MEDI 3403,BITACORA SEMIOLOGIA II,15
IIND 6990,SUSTENTACION DE TESIS,8
IELE 3108,TALLER�DE�SISTEMAS�DE�POTENCIA,3
FISI 6118,SEMINARIO AVANZADO 8,1
FISI 1039,LABORATORIO DE ONDAS Y FLUIDOS,1
MFIN 4201,AN�LISIS DE INVERSIONES,14
ICYA 4450,DISE�O Y COMP. ESTRUC. CONC.,4
FILO 6982,TUTOR�A DE INVESTIGACI�N 2 DOC,29
ISIS 1209L,LAB ALG.Y PROGR. OBJ. II (HON),19
MUSI 2204,ENTREN AUDITIVO 5,10
MUSI 1912,CANTO 3,10
ANTR 2101,ETNOLOGIA DE COLOMBIA,7
ICYA 4812,GEOM�TICA PLANEAC.SOSTENIBLE,4
FILO 6970,EXAMEN DE CONOCIMIENTOS,29
MATE 3120,LOGICA 1,2
FISI 3701,SEMINARIO MATERIA CONDENSADA,1
MBIO 3502,MICROBIOLOGIA MEDICA-TEO,37
BIOL 3303,FISIOLOGIA VEGETAL-LAB,41
EMAT 4805,AN�LISIS DE ACTUACI�N,50
LENG 1702,PORTUGUES 2,33
MATE 3157,INT. REPRESENT. GRUPOS FINITOS,2
ADMI 2204,DECISIONES DE INVERSION,27
DISE 2618,DISE�O EDITORIAL,16
DERE 3608,CONCURSO DERECHOS HUMANOS,35
CPOL 3200,SEM RELACIONES INTERNACIO,13
PSIC 3921,APREN. DENTRO-FUERA DE ESCUELA,28
IIND 4341,ING. SIST�MICA Y CREATIVIDAD,8
FISI 2405,MECANICA,1
MUSI 2812,CANTO 6,10
CBIO 6983,TESIS DOCTORADO 4,17
QUIM 6987,TESIS 7 (DOCTORADO),5
BIOL 3200,GENETICA EVOLUTIVA-TEO,41
MUSI 2810,CANTO 4,10
ISIS 3204,INFRAESTRUCTURA COMUNICACIONES,19
ANTR 3600,OPCION GRADO MATERIAS MAESTRIA,7
PSIC 3811,PR�CTICA 1 06,28
PSIC 2313,PSICOLOG�A DE LA EMOCI�N,28
FISI 3434,ELECTROMAGNETISMO 2,1
ICYA 4803,PLANEACI�N DE TRANSPORTE,4
PSCL 4112,REVISTA DE CASOS CL�NICOS IV,38
MUSI 2302,DIRECCION CORAL 1,10
EGOB 4113,SEMINARIO DE POSTGRADO III,30
ARTE 3995,PRACTICA DE GRADO PROYECTOS,6
GEOC 1023,LABORATORIO DE GEOLOGIA,12
IIND 3208,DES. AVANZADO DE NUEVOS PROD.,8
ISIS 3710,PROGR CON TECNOLOGIAS WEB,19
ANTR 3193,DISE�O DE MONOGRAFIA,7
ARQU 3849,PROY UI TECTONICA Y ESTRUCTURA,22
MEDI 3528,MODULO SELECTIVO II INVESTI. 3,15
MUSI 2401,CONJUNTO 3,10
ICYA 4306,ASPECTOS LEGALES CONSTRUC.,4
IMEC 1330L,LABORATORIO TERMODIN�MICA,21
MUSI 3404,INSTRUMENTO 9,10
IQUI 2021C,COMPL. EQUILIBRIO,9
ARQU 3920,TEORIA UNIDAD AVANZADA,22
ICYA 2406,POTABILIZACION,4
MUSI 2501,TALLER DE COMPOSICION 2,10
IBIO 3702,PROYECTO INVESTIGAC.INGENIERIA,25
PSIC 4108,DISE�O PR INVE IV COLOQ III,28
PSIC 3832,TOPICOS EN LA HIST. DE LA PSIC,28
HIST 6983,TUTORIAL DE INV. V- DHIST,32
LENG 2224,ATELIER DՃCRITURE ACAD�MIQUE1,33
ARQU 3249,SEM ARQU LATINOAMERICANA,22
EDUC 6005,COLOQUIO DE INVESTIGACION II,11
FISI 4472,OPTICA CUANTICA,1
DADM 6990,SUSTENTACION DISERTACION,46
MDER 4401,MONOGRAFIA DE GRADO,31
ARQU 3913,PROYECTO UNIDAD AVANZADA GRP4,22
IELE 4020,TESIS I,3
ISIS 2503,ARQUITECTURA Y DISE�O DE SW,19
LITE 3346,SEMINARIO DE COLOMBIANA,43
MATE 6990,DEFENSA DE TESIS,2
IMEC 3530,DISE�O DE SISTEMAS MECANICOS,21
ECON 3750,MACRO Y FINANZAS INTERNACIONAL,26
MUSI 2608,TALLER DE GRABACION 1,10
ISIS 1106,LENGUAJES Y M�QUINAS,19
ISIS 4000,TESIS I,19
IQUI 2010C,COMPL. FUND PROC. INDUSTRIALES,9
LENG 1106,INGL�S 6,33
ARTE 3990,INSCRIPCION A GRADO,6
FISI 3401,SEMINARIO 1. OPTICA CUANTICA,1
ICYA 1110,QUIMICA AMBIENTAL,4
IQUI 3039,INTRO. MODEL. Y SIMUL. ING.,9
ARTE 2111,PINTURA Y CUERPO,6
IIND 3400,FINANZAS,8
FILO 3214,GRIEGO V,29
MEDI 1209,HISTOLOGIA,15
ICYA 4106,BIODIVERSIDAD COLOMBIANA,4
LITE 3905,SEM.TRABAJO-GRADO EN CREACI�N,43
MEDI 2305,SISTEMA ENDOCRINOLOGICO,15
ARTE 2114,OBJETO Y CONTEXTO,6
PSIC 3708,INVES.DIRIGIDA 2.,28
ADMI 3207,MERCADO DE CAPITALES,27
MEDI 3112,SISTEMAS DE SALUD II,15
MBIT 4103,FORMACI�N DIRECTIVOS TI,23
MEDI 2109,ELEMEN. DE DECISION CLINICA II,15
MATE 1213,MATEMATICAS 3 (BIO-MED),2
LENG 1704,PORTUGUES 4,33
MATE 6971,EXAMEN DE CONOCIMIENTO 2,2
MBIO 3100,BIOL.CELU Y MOLEC.PROCARIO-TEO,37
MUSI 2203,ENTREN AUDITIVO 4,10
PSCL 4106,PR�CTICA CL�NICA SUPERV. II,38
ICYA 4504,TALLER DE DISE�O CIMENTACIONES,4
ISIS 1304,FUND INFRAESTRUCTURA TECNOL�GI,19
RJUR 5584,DERECHO TRIBUTARIO ESPECIAL II,51
QUIM 4350,ESTEREOQU�MICA Y SELECTIVIDAD,5
ECON 4643,RIESGOYVALORACI�N DE DERIVADOS,26
MATE 2411,GEOMETRIA DE CURVAS Y SUPERFIC,2
MBIO 3503,MICROBIOLOGIA MEDICA-LAB,37
PSIC 2602,EVALUACION PSICOL�GICA,28
LENG 1118,INGLES 3 - LENGUAS Y CULTURA,33
MUSI 2817,LITERATURA VOCAL 4,10
MUSI 3611,ARMONIA POPULAR 1 ANALISIS Y,10
FISI 1049,LABORATORIO DE FISICA MODERNA,1
IMEC 3345,SISTEMAS CONVERSION DE ENERGIA,21
MEDI 2110,SEMI.II Y AT. PRI. A LA COMU.,15
MEDI 1208,EMBRIOLOGIA,15
ICYA 4422,ANALISIS AVANZADO ESTRUCTURAS,4
LENG 2228,GRAMMAIRE EN CONTEXTE,33
MATE 1209,CALCULO 3 (ECONOMIAADMON),2
MATE 6981,PRETESIS 2,2
DERE 3835,CJ-PRISIONES Y C�RCELES,35
MUSI 1911,CANTO 2,10
MUSI 3505,COMPOSICION GRADO,10
ARTI 4301,PROYECTO FINAL,39
ISIS 3302L,LAB MODELA SIMULACION Y OPT,19
IIND 3221C,REFUERZO LOG�STICA,8
GEOC 3048,S�SMICA Y SISMOLOG�A,12
FILO 3992,PRACTICA DE MEDIO TIEMPO,29
ICYA 3202,DISE�O ESTRUCTURAL,4
ICYA 4414,MODELACION CON ELEMENTOS FINIT,4
MUSI 2209,CONTRAPUNTO 2,10
ARQU 1111,TALLER DE COMPOSICION 1,22
ARTE 2203,VIDEO EXPERIMENTAL,6
DERE 2207,ARGUMENTACION EN PROCESOS CIVI,35
MATE 6984,PRETESIS 4,2
ECON 3704,DERIVADOS FINANCIEROS,26
LENG 3921,PRACTICA DOCENTE,33
ISIS 1104,MATEM�TICA ESTRUCTURAL Y L�GIC,19
IBIO 2780,PROYECTO DE DISE�O 1,25
IMEC 1503,DISE�O GRAFICO EN INGENIER�A,21
MUSI 2502,INSTRUMENTACION 1,10
MBIO 2301,BACTERIOLOGIA-LAB,37
MUSI 1910,CANTO 1,10
IMEC 2540,DINAMICA DE SISTEMAS MECANICOS,21
LENG 2707,VOCES Y PAISAJES DE LUSOFON�A,33
ARQU 3828,PROYECTO UI ARQU URBANA,22
CIDE 4114,SEMINARIO TUTORIAL,24
MINE 4101,CIENCIA DE DATOS APLICADA,52
MEDI 3425,PSIQUIATR�A,15
MATE 3904,SEMINARIO PROYECTO DE GRADO 1,2
IBIO 2650,BIOMATERIALES,25
MEDI 3525,MODULO SELECTIVO II ADMINIS. 3,15
LENG 6993,INGLES DOCTORADOS 3,33
MATE 6980,PRETESIS 1,2
FISI 3760,FISICA DEL ESTADO SOLIDO,1
MEDI 3538,INTERNADO SELECT. INVEST. 2,15
QUIM 3014,PROYECTO DE GRADO,5
IIND 2104C,REFUERZO MODELOS PROBABILISTIC,8
MATE 3426,GRUPOS DE LIE,2
FISI 6115,SEMINARIO AVANZADO 5,1
ADMI 3238,MERCADEO VERDE,27
MUSI 1206,ENTREN AUDITIVO 2,10
MUSI 1204,ARMONIA 3,10
ECON 3301,ECONOMETRIA 2,26
MEDI 1210,FARMACOLOGIA,15
MATE 4159,TEO INVARIANTES ALGORITMICA,2
PSIC 4107,DISE�O PROY INV III COLOQ II,28
MUSI 2815,LITERATURA VOCAL 2,10
LENG 1105,INGL�S 5,33
ISIS 2804,LAB MARATONES PROGRAMACION,19
MGPD 4430,TRABAJO DE CAMPO II,53
IMEC 2520L,LABORATORIO MEC. S�L. DEFORMAB,21
CBIO 6915,PASANTIA DOCTORADO 2,17
ISIS 2603,DESARROLLO DE SW EN EQUIPO,19
EGOB 4109,T�CNICAS DE AN�LISIS DATOS II,30
MUSI 2416,INSTRUMENTO 6 - 15,10
FISI 4014,SEM2.QFT/FISICA-MATEMATICA,1
IMEC 1000C,COMPL.INTRODUCCION IMEC,21
MUSI 2806,TALLER L�RICO 2,10
CPOL 3995,PRACTICA DOCENTE,13
IQUI 2300,INGENIERIA DE REACCIONES,9
MATE 6975,SUSTENTACI�N DE PROYECTO,2
HART 3990,SEMINARIO TRABAJO DE GRADO,54
MEDI 3409,TURNOS CLINICOS I,15
PSIC 3892,BEYOND CBT,28
IBIO 2560,PROC.SE�ALES E INST. BIOMED.,25
PSIC 1205,PRINCIPIOS DE NEUROCIENCIAS 2,28
ARQU 2102,PROYECTO TECTONICA,22
FILO 3991,PRACTICA DE TIEMPO COMPLETO,29
IQUI 3001,PROCESOS DE SEPARACION,9
FISI 4042,TOPICOS EN MECANICA ESTADISTIC,1
IIND 3218,FUNDAMENTOS DE LA CALIDAD,8
IMEC 1541,MECANICA DE SOLIDOS RIGIDOS,21
ECON 2202,MACROECONOMIA 3,26
MEDI 3541,INTERNADO SELECTIVO AT. PRI. 3,15
GEOC 2018,GEOQU�MICA,12
MUSI 3313,CONCIERTO DE GRADO - 15,10
ARQU 3852,PROY UI ARQU Y BELLEZA,22
ARQU 3912,PROYECTO UNIDAD AVANZADA GRP3,22
ECON 3501,HISTORIA ECONOMICA DE COLOMBIA,26
IQUI 3001C,COMPL. PROC. SEPARACION,9
ICYA 4217,TESIS 1 MIAMB,4
IIND 6003,TUTORIAL 2,8
LENG 1204,FRANC�S 4,33
IELE 3138,SIST. ELECTRICOS INDUSTRIALES,3
PSIC 2708,DISE�O Y AN�LISIS DE INV. 3,28
MBIO 1100,BIOLOGIA CELULAR-TEO,37
DISE 2132,ESTUDIO 5: DESARROLLO,16
ECON 6981,INVESTIGACION TESIS DOCTORAL 2,26
IGEN 3129,TALLER INTEGRADO DE INNOVACI�N,55
CBIO 6985,TESIS DOCTORADO 6,17
GEOC 3039,LAB ESTRATIGR. Y SEDIMENTOLOG.,12
IQUI 3010,OPERACIONES UNITARIAS,9
CPOL 3100,SEM POLITICA COMPARADA,13
ECON 6985,INVESTIGACION TESIS DOCTORAL 6,26
PSCL 4400,INVESTIGACI�N DIRIGIDA,38
BIOL 3325,BIOLOGIA DE CONSERVACION-LABOR,41
IQUI 2020C,COMPL. TERMODIN�MICA,9
QUIM 1303,FUNDAMENTOS QU�MICA ORG�NICA,5
ISIS 4426,DESARROLLO DE SOLUCIONES CLOUD,19
MUSI 2200,PIANO COMPLEMENTARIO 4,10
EGOB 4111,ANALISIS DE PROBLEMAS COLOMBIA,30
ARQU 2410,PAISAJE URBANO,22
ANTR 3171,SEMINARIO ETNOGRAFIA,7
ECON 6983,INVESTIGACION TESIS DOCTORAL 4,26
FISI 6975,PASANTIA IV,1
FISI 6114,SEMINARIO AVANZADO 4,1
ARQU 3850,ANALISIS UI TECTONICA Y ESTRUC,22
ARTE 3114,PINTURA EXPERIMENTAL,6
BIOL 2310,VERTEBRADOS TEO,41
DISE 2100,ESTUDIO 3,16
GEOC 2057,MECANICA DEL CONTINUO,12
MATE 3159,TEO INVARIANTES ALGORITMICA,2
MEDI 3535,INTERNADO SELECTIVO ADMINIST.2,15
MGEO 4503,EJERCICIO ESCRITO,56
LENG 1328,PHONETIK UND M�NDLICHER AUSDRU,33
IELE 2010,MATERIALES PARA IEE,3
IMEC 2320L,LAB TRANSFERENCIA DE CALOR,21
LITE 2101,TEORIA LITERARIA 3,43
MEDI 1106,MEDICINA SOCIAL,15
BCOM 4991,TESIS 8 CR,57
IELE 2402,COMUNICACIONES,3
DISE 2122,ESTUDIO 5: DIRECCI�N CREATIVA,16
QUIM 4165,SEMINARIO II,5
MGEO 4502,TRABAJO DE GRADO,56
MINE 4102,ANALISIS INFORM SOBRE BIG DATA,52
ARQU 3832,AN�LISIS UI VIVIENDA,22
IMEC 3520,APLIC DISE�O MEC EN INDUSTRIA,21
MATE 3905,SEMINARIO PROYECTO DE GRADO 2,2
ANTR 3185,TRABAJO DIRIG EN ANTR.SOCIAL,7
CSOF 5200,PROYECTO 2,58
IIND 3311C,COMPL. ESTRAT. ORGANIZACIONAL,8
CBIO 4912,TESIS MAESTRIA 1,17
MEDI 3536,INTERN. SELECT. ATENC. PRIMAR2,15
ICYA 2203,ANALISIS SIST. ESTRUCTURALES,4
ARQU 3851,TEORIA UI TECTONICA Y ESTRUC,22
ECON 2203C,COMPL INTRODUCCI�N A LA MACRO,26
IBIO 4680,VISION POR COMPUTADOR,25
IIND 2202C,COMPL. FUNDAMENTOS PRODUCCI�N,8
MUSI 2206,ARMONIA 5,10
PSIC 2504,PSICOL SOCIAL EXPERIM,28
LENG 1329,DEUTSCHE GRAMMATIK,33
EDUC 2001,CURSO TUTORIAL DISCIPLINAR,11
DDER 6402,TUTORIA 2,49
FISI 2992,ASTROFISICA ESTELAR,1
ADMI 3604,TALLER DE INNOVACION,27
ARQU 1552,HERRAMIENTAS DIGITALES,22
QUIM 1101,QUIMICA GENERAL,5
EDUC 6021,EVAL.IMPACTO EDUC.Y CIENC.SOC.,11
ARQU 3931,ANALISIS UNIDAD AVANZADA GRP2,22
ARTE 2109,FUNDAMENTOS DE ESCULTURA,6
IBIO 4120L,LAB. DIN�MICA CARDIOVASCULAR,25
MEDI 3440,INTERNADO OBLIGATORIO PEDIAT.,15
ARTE 3117,FOTO PAISAJE,6
ARQU 3830,AN�LISIS UI FORMA,22
ISIS 1205L,LAB ALGORITMICA Y PROG. OBJ II,19
ARTE 1118,FOTO B�SICA 2 :DIGITAL,6
BCOM 4990,TESIS 4 CR,57
DERE 3801,CONSULTORIO JURIDICO I,35
FISI 6990,SUSTENTACI�N DE TESIS,1
ADMI 3109,PLANES DE NEGOCIOS,27
DPUB 4401,TRABAJO DE GRADO,59
MEDI 2310,SISTEMA URINARIO Y RENAL,15
MEDI 3424,NEUROLOGIA,15
IIND 2109C,REFUERZO SIST. APOYO DECISION,8
FISI 1018,FISICA I,1
ANTR 2301,METODO DE ANALISIS LING�ISTICO,7
ANTR 3184,TRABAJO DIRIG EN ARQUEOLOGIA,7
FILO 6961,TUTORIAL DE PROYECTO 2,29
MATE 1208,CALCULO VECTORIAL (HONORES),2
ARQU 3863,TEORIA UI ARQU DEL PAISAJE,22
FISI 6982,TESIS II,1
IIND 3000,PROYECTO DE GRADO 1,8
MUSI 3601,TALLER DE GRABACION 2,10
IIND 3311,ESTRATEGIA ORGANIZACIONAL,8
MDER 4203,COLOQUIO DE INVESTIGACION,31
MBIO 2305,PARASITOLOGIA-LAB,37
IQUI 3041,TALLER MODELAMIEN.Y SIMULACION,9
PSIC 3833,PSICOLOGIA COMUNITARIA,28
FILO 3213,LATIN V,29
ARQU 3933,AN�LISIS UNIDAD AVANZADA GRP4,22
FISI 4051,LABORATORIO AVANZADO,1
ECON 3714,ECONOMIA BANCARIA,26
LENG 1604,ITALIANO 4,33
MECU 4202,TUTORIA DE INVESTIGACION I,60
MEDI 3432,BITACORA CLINICA V,15
MIAD 4982,SEM. INVESTIGACI�N I PHD,44
DDER 6202,METODOS DE INVESTIGACION 2,49
MEDI 3438,INTERNADO OBLIGATORIO GINE-OBS,15
ICYA 6962,PROYECTO DIRIGIDO 2,4
MBIO 2304,PARASITOLOGIA-TEO,37
CPOL 6974,EX AREA MAYOR-POL COMPARADA,13
ICYA 2304,FUNDAMENTOS DE GEOTECNIA,4
IIND 2202,FUNDAMENTOS DE PRODUCCION,8
LITE 2408,GRIEGO III,43
MEDI 3517,MODULO SELECTIVO II HOS. CL. 1,15
QUIM 1212,QUIMICA INORGANICA II,5
ICYA 4502,TALL. HERRAM. EXPERIM. GEOTECN,4
MEDI 2309,SISTEMA NERVIOSO,15
ARQU 3911,PROYECTO UNIDAD AVANZADA GRP2,22
QUIM 1105,APLICACIONES DE QU�MICA,5
ICYA 1117,MECANICA DE MATERIALES,4
MATE 2210,CALC VARIABLE COMPL (INGENIER),2
ANTR 4138,LECTURAS DIRIGIDAS 2,7
FISI 6962,CURSO DIRIGIDO II,1
ICYA 3104,PROYECTO ESPECIAL PREGRADO,4
MEDI 3439,INTERNADO OBLIGATORIO MED-INTE,15
MUSI 3620,TRABAJO DE GRADO - 15,10
ARTE 2207,ARTE SONORO,6
ECON 6402,SEMINARIO INVESTIGACION 2 DOC,26
ARQU 3351,ARQU EN TIERRA CRUDA,22
ECON 4301,ECONOMETRIA AVANZADA,26
IELE 2210,SISTEMAS ELECTRONICOS DIGITALE,3
IELE 3135,AUTOMAT SISTEMAS DISTRIBUCION,3
MBIT 4101,HABILIDADES GERENCIALES EN TI,23
FISI 3000,PRACTICA DOCENTE FISICA,1
ICYA 4532,SEMINARIO GEOSI,4
DISE 3146,ESTUDIO 6: INTERACCI�N,16
IQUI 2021,EQUILIBRIO DE FASES Y QUIMICO,9
MATE 4426,GRUPOS DE LIE,2
MUSI 3402,CONJUNTO 8,10
LENG 2412,JAPONES 6,33
BCOM 4104,ESTADISTICA BIOLOGIA COMPUTAC.,57
MGAP 4414,POLIT.GEST.AMBIENTAL AMERICA,61
MECU 4203,TUTORIA DE INVESTIGACION II,60
PSIC 3883,PSICOLOGIA SOCIAL DEL DEPORTE,28
FISI 6117,SEMINARIO AVANZADO 7,1
MEDI 3500,MODULO SELECTIVO I ADMINIST. 1,15
DISE 2112,ESTUDIO 5: PRODUCCI�N CREATIVA,16
MATE 1107,ALGEBRA LINEAL 2,2
MUSI 1416,INSTRUMENTO 2 - 15,10
ARQU 3854,TEORIA UI ARQU Y BELLEZA,22
MEDI 3503,MODULO SELECTIVO I INVESTIG. 1,15
ARQU 2101,PROYECTO HABITAR,22
MEDI 3516,MODULO SELECTIVO II AT. PRI. 1,15
PSIC 4106,DISE�O PROY INV II COLOQI,28
ARQU 3932,AN�LISIS UNIDAD AVANZADA GRP3,22
LENG 2115,INGLES 5 - LENGUAS Y CULTURA,33
MEDI 2000,REQUISITO DE VACUNAS 5� SEM,15
MUSI 2822,PIANO APLICADO 1 - 15,10
IBIO 4120,DIN�MICA CARDIOVASCULAR,25
IBIO 4401,BIOLOGIA AVANZADA,25
LENG 1404,JAPONES 4,33
MUSI 2606,AUDICION CRITICA,10
MEDI 1200,ANATOMIA,15
MEDI 3407,PEDIATRIA,15
DISE 3199,ESTUDIO 8: PROYECTO DE GRADO,16
ISIS 1206L,LAB. ESTRUCTURAS DATOS,19
LENG 3931,SEMINARIO DOCENCIA 2,33
MEDI 3411,CIRUGIA,15
GEOC 3050,SEMINARIO DE GEOCIENCIAS,12
EDUC 6007,COLOQUIO DE INVESTIGACION III,11
ISIS 4005,INTERCAMBIO INTERNACIONAL,19
IBIO 6962,PROYECTO DIRIGIDO 2,25
ICYA 4214,TESIS 2 MICIV,4
MIAD 4990,SUSTENTACI�N TESIS,44
ARQU 3862,ANALISIS UI ARQU DEL PAISAJE,22
QUIM 2519,LAB DE FUNDAMENT FISICOQUIM,5
ICYA 4603,DISE�O GEOM DE V�AS AVANZADO,4
MATE 2506,PROBABILIDAD Y ESTADIST.(ECON),2
ICYA 3108,PRERREQUISITO PROYECT. ICIV,4
IIND 3312,EMPREND.INNOVAC.EN INGE,8
IQUI 4302,TESIS II,9
ICYA 3079,PROY. FINAL DISE�O ING. AMB.,4
ICYA 4126,AN�LISIS RIESGO QUIM. MICROBIO,4
MEDI 2301,PARASITOLOGIA MEDICA,15
ECON 2301,ECONOMETRIA 1,26
MUSI 3500,ORQUESTACION 1,10
PSIC 3801,ETICA PROFESIONAL,28
BIOL 1301,BIOLOGIA DE ORGANISMOS-LAB,41
MATE 3420,TOPOLOGIA 1,2
MEDI 2307,SISTEMA COMPOR. Y PSIQUIATRIA,15
IMEC 2411,INGENIER�A DE MATERIALES,21
MGEO 4504,MAPA,56
MUSI 2823,PIANO APLICADO 2 - 15,10
ARTI 4205,ARQUITECTURA PROCESOS NEGOCIO,39
IQUI 1001,INTROD.INGENIERIA QUIMICA,9
ECON 4666,MACROECONOMIA FINANCIERA,26
PSIC 3869,NEUROCIENCIAS COGNITIVAS,28
DECA 1102,PRACTICA SOCIAL 2,62
IIND 4215,CONTROL DE CALIDAD AVANZADO,8
ARQU 3252,SUIZA: LAB DE ENCUENTRO N/S,22
IBIO 2251,LAB. FEN�MENOS DE TRANSP. BIOL,25
IELE 3330,TALLER DE CONTROL,3
MUSI 1208,PIANO COMPLEMENTARIO 1,10
MEDI 3521,MODULO SELECTIVO II AT. PRI. 2,15
MUSI 2201,PIANO COMPLEMENTARIO 5,10
ARTE 2108,FUNDAMENTOS DE DIBUJO,6
IMEC 4702,TESIS 2,21
MUSI 3613,ACUSTICA,10
FISI 4708,MAGNETISMO Y MATERIALES MAG.,1
MATE 4330,ANALISIS FUNCIONAL,2
ARTE 2112,PINTURA Y OBJETO,6
FILO 6981,TUTOR�A DE INVESTIGACI�N 1 DOC,29
MEDI 3400,BITACORA SEMIOLOGIA I,15
ADMI 1203,PLANEACION FINANCIERA,27
QUIM 1000,INTRODUCCION A QUIMICA,5
CBIO 6990,SUSTENTACION DE TESIS,17
FISI 3801,SEMINARIO DE BIOFISICA,1
IMEC 2210L,LABORATORIO MECANICA FLUIDOS,21
MUSI 2407,INSTRUMENTO 7,10
MEDI 3522,MODULO SELECTIVO II HOS. CL. 2,15
MUSI 2415,INSTRUMENTO 5 - 15,10
MBIT 4301,PROYECTO FINAL,23
MATE 3712,TEORIA DE JUEGOS,2
MDIS 4203,FUNDAMENTOS 3,63
PSIC 2316,PSICOLOGIA DE LA PERCEPCION,28
BIOL 1327C,COMPL ECOLOGIA: PRINC Y APLICA,41
MUSI 1205,ENTREN AUDITIVO 1,10
IELE 3208,TALLER DE ELECTRONICA,3
LENG 1403,JAPONES 3,33
ARQU 2330,SISTEMAS DE CONSTRUCCION Y EST,22
FISI 6116,SEMINARIO AVANZADO 6,1
ARQU 2201,ARQUETIPOS EN ARQUITECTURA,22
ISIS 2203,INFRAESTRUCTURA COMPUTACIONAL,19
MEDI 3532,INTERNADO SELECTIVO HOS. CL. 1,15
ARTI 4106,ARQUITECTURA EMPRESARIAL,39
IMEC 2411L,LAB. INGENIERIA DE MATERIALES,21
MEDI 3442,INTERNADO OBLIGATORIO URGENC.,15
MATE 1508,ESTADISTICA (CONTADURIA),2
ARTE 3602,ANTEPROYECTO NUEVO,6
MEDI 3537,INTERNADO SELECTIVO HOS. CL. 2,15
MBIO 3601,FITOPATOLOGIA-LAB,37
DECA 1103,PRACTICA SOCIAL 3,62
CPOL 1500,FUNDAMENTOS DE METODOLOGIA,13
FISI 6112,SEMINARIO AVANZADO 2,1
MUSI 3401,CONJUNTO 7,10
IMEC 3460C,COMPL.SISTEMAS DE MANUFACTURA,21
ISIS 2304,SISTEMAS TRANSACCIONALES,19
ANTR 3186,TRABAJO DIRIG EN ENTOLINGUISTI,7
MEDI 3534,INTERNADO SELECTIVO SALUD P.1,15
ECON 4568,MICROECONOMIA III,26
MUSI 2406,INSTRUMENTO 6,10
ARTE 1115,TALLER DE ILUMINACION,6
MEDI 2304,SISTEMA HEMATOPOYETI. Y NEOPL.,15
MEDI 3518,MODULO SELECTIVO II INVESTI. 1,15
LITE 3993,PR�CTICA�DE�GRADO,43
MUSI 3403,INSTRUMENTO 8,10
SPUB 4109,PROYECTO DE GRADO II,34
CONT 2462,AN�LISIS DE SISTEMAS DE INFORM,36
FISI 6973,PASANTIA II,1
IIND 4337,SIMUL.BASADA AGENTES (SIMBA),8
IMEC 3530C,COMPL.DISE�O SIST MECANICOS,21
MBIO 3518,GENOMICA Y BIOINFORMATICA-LAB,37
ISIS 3302,MODELADO SIMULACION Y OPTIMIZ,19
FISI 1012,FISICA BASICA 1,1
IBIO 4780,TESIS I,25
ARTE 2116,GRABADO EN METAL,6
LENG 2211,FRANCES 5,33
MBIO 3604,MICROBIOLOGIA AMBIENTAL-TEO,37
LENG 1303,ALEMAN 3,33
EDUC 4206,TESIS 1,11
MEDI 1211,FISIOLOGIA,15
ARTE 3100,DIBUJO EXPERIMENTAL,6
PSCL 4102,PSICOLOG�A CL�NICA III,38
CPOL 4103,TRABAJO DE GRADO,13
ARQU 3990,INSCRIPCION A GRADO,22
CIDE 4135,TUTORIAL DE INVESTIGACI�N,24
ICYA 4320,GERENCIA PROY. INMOBILIARIOS,4
LITE 2406,GRIEGO II,43
LENG 1745,CHINO 5,33
MEDI 2311,SISTEMA MUCOCUTANEO,15
MBIO 2303,BIOLOGIA DE HONGOS-LAB,37
ICYA 4608,MATERIALES ASF�LTICOS,4
IMEC 3460,SISTEMAS DE MANUFACTURA,21
MUSI 1202,ARMONIA 1,10
CPOL 6980,TRABAJO GRUPO DE INVEST. DOCT.,13
IELE 6990,SUSTENTACION DE TESIS,3
MUSI 1611,SOFTWARE MUSICAL 2,10
HIST 4707,LECTURAS DIRIGIDAS 2,32
DERE 3813,CJ PAIS PRIMARIA,35
LENG 1103,INGL�S 3,33
FISI 6985,TESIS V,1
IELE 2100,ELEMENT.SISTEMAS ELECTRICOS,3
DEIN 4404,TRABAJO DE GRADO,64
FISI 6119,SEMINARIO AVANZADO 9,1
FISI 6983,TESIS III,1
EDUC 5300,SEMINARIO DE INVES. - ACCI�N,11
IIND 2103C,REFUERZO PRINCIPIOS OPTIMIZAC.,8
MUSI 3303,CONCIERTO GRADO,10
MUSI 1415,INSTRUMENTO 1 - 15,10
MUSI 2205,ARMONIA 4,10
MUSI 3504,COMPOS.MEDIOS COMPLEMENT.,10
IELE 3338,ROBOTICA,3
ISIS 2403,ARQUITECTURA EMPRESARIAL,19
ISIS 3990,INSCRIPCION A GRADO,19
ISIS 4217,PARADIGMAS DE PROGRAMACI�N,19
ANTR 3990,INSCRIPCION A GRADO,7
CPOL 6978,EX AREA MENOR-POL COMPARADA,13
ICYA 2412,MEC�NICA DE FLUIDOS AMBIENTAL,4
ICYA 4119,GESTI�N DE LODOS,4
CBIO 6982,TESIS DOCTORADO 3,17
ICYA 3401,HIDROLOGIA,4
MIAD 4980,SEMINARIO I DE TESIS,44
FILO 6983,TUTOR�A DE INVESTIGACI�N 3 DOC,29
ARTE 2206,ARTE SCRIPTUM,6
MUSI 3406,RECITAL GRADO,10
IELE 3000,SEMINARIO PROYECTO DE GRADO,3
FISI 1048,FISICA MODERNA,1
ICYA 3307,DISE�O DE VIAS,4
IIND 2109,SISTEMAS APOYO A LA DECISION,8
MBIT 4201,EMPRENDIMIENTO Y COMERCIO ELEC,23
ADMI 2557,HERRAMIENTAS TOMA DECI II,27
DDER 6203,SEMINARIO DE INVESTIGACION,49
MUSI 2212,MORFOLOGIA 1,10
ARQU 3829,ANALISIS UI ARQU URBANA (C),22
IQUI 2091,TALLER PMC,9
IMEC 1410,CIENCIA DE MATERIALES,21
ECON 4651,APLIC EMPIR EN ECON POLITICA,26
FISI 4602,SEMINARIO 2 DE GEOFISICA,1
LENG 1602,ITALIANO 2,33
PSCL 4110,REVISTA DE CASOS CL�NICOS II,38
MATE 1207,CALCULO VECTORIAL,2
CBIO 6980,TESIS DOCTORADO 1,17
MBIO 3600,FITOPATOLOGIA-TEO,37
ICYA 4213,TESIS 1 MICIV,4
FISI 1860,ELECTRONICA PARA CIENCIAS,1
BIOL 3321,ENTOMOLOGIA-LAB,41
ARQU 3168,GESTION Y DESARROLLO PROY BIM,22
IIND 2302C,COMPL. PENS SISTE ORGANIZACION,8
HIST 3991,PRACTICA PROFESIONAL,32
IELE 2300,ANALISIS DE SISTEMS DE CONTROL,3
MIIA 4005,TRABAJO PR�CTICO DE GRADO 2,45
ANTR 3102,PENSAM. ANTROPOLOGICO COLOMB.,7
ADMI 3502,ESTRATEGIA,27
FISI 6988,TESIS VIII,1
MATE 3415,GEOMETRIA LORENTZIANA,2
PSIC 2312,PSICOLOGIA DEL APRENDIZAJE,28
ECON 3740,SEM E.SECTORES Y DLLOPRODUCT.,26
IELE 1400,FUNDAMENTOS DE REDES,3
MUSI 3616,POSPRODUCCI�N 1,10
ICYA 3103,PROYECTO GRADO ING AMBIENTAL,4
MUSI 2514,COMPOSICI�N PARA LA IMAGEN I,10
MUSI 2619,TECNOLOG�A DEL AUDIO 2,10
MECA 4402,EVALUACI�N DE IMPACTO,42
MISO 4101,PROCESOS DE DESARROLLO AGILES,40
FISI 4902,SEM.2 ASTRONOMIA Y ASTROFISICA,1
MBIO 2103,BIOLOGIA MOLECULAR-LAB,37
ISIS 3301,INTELIGENCIA DE NEGOCIOS,19
DERE 3609,CONCURSO PHILIP JESSUP,35
GEOC 2028,MINERALES FORMADORES DE ROCAS,12
MEDI 1100,INDUCCION,15
FISI 1028,FISICA II,1
MUSI 2808,TALLER L�RICO 4,10
ISIS 3204L,LAB INFRAEST DE COMUNICACIONES,19
ADMI 2801,LA GESTION DE LO PUBLICO,27
MEDI 3502,MODULO SELECTIVO I HOSP. CL. 1,15
MFIN 4204,ECONOMETR�A,14
MSIN 4005,INTERCAMBIO INTERNACIONAL,20
EDUC 6022,INVESTIGACI�N DOCTORAL III,11
MINE 4201,SISTEMAS DE RECOMENDACI�N,52
IMEC 3702,PROBLEMA ESPECIAL,21
FISI 4402,SEMINARIO 2 DE OPTICA CUANTICA,1
MEDI 2308,SISTEMA GASTROIN. Y NUTRICION,15
IBIO 6963,PROYECTO DIRIGIDO 3,25
LENG 6992,INGLES DOCTORADOS 2,33
ECON 6105,MICRO AVANZ TEORIA JUEGOS DOC,26
MATE 4512,DIN�MICA ESTOC�STICA,2
ADMI 3210,MERCADOS DERIVADOS,27
FISI 4802,SEMINARIO 2 DE BIOFISICA,1
HART 1201,PENSAR LA HISTORIA DE ARTE,54
LENG 1402,JAPONES 2,33
MBIT 4005,INTERCAMBIO INTERNACIONAL,23
MUSI 2612,FUNDAMENTOS DE AUDIO Y AC�STIC,10
MATE 3125,LOGICA MODAL,2
ARQU 3822,TEORIA UI VIVIENDA,22
MBIO 3101,BIOL.CELU Y MOLEC.PROCAR.-LAB,37
ARQU 3325,SEM. ESTRUCTURAS MADERA,22
IMEC 2320,TRANSFERENC.CALOR,21
MSIN 4206,COMPUTACI�N FORENSE,20
EDUC 6014,INVESTIGACI�N DOCTORAL II,11
IELE 3001,PROYECTO DE GRADO ELECTRICA,3
QUIM 1511,LABORATORIO DE FISICOQUIMICA I,5
MUSI 3614,MASTERIZACI�N,10
QUIM 3013,LABORATORIO DE Q. AVANZADA,5
ICYA 3308,INGENIERIA DE PAVIMENTOS,4
ADMI 3405,SISTEMAS INFORMACION GERENCIAL,27
CPOL 6976,EX AREA MENOR-RELACIONES INTER,13
FISI 6986,TESIS VI,1
MADM 4551,JUEGO GERENCIAL,48
ADMI 2206,COMPORTAMIENTO DEL CONSUMIDOR,27
MATE 3131,TEORIA DESCRIPTIVA DE CONJUNTO,2
MEDI 2313,SISTEMA REPRODUCTIVO,15
ICYA 3078C,COMPL PROY FINL DISE�O ING CIV,4
MATE 1212,MATEMATICAS 1 (BIO-MED),2
MEDI 3515,MODULO SELECTIVO II ADMINIS. 1,15
PSIC 3962,DESARROLLO PSICOLOGICO,28
FISI 6971,PASANTIA,1
ICYA 6963,PROYECTO DIRIGIDO 3,4
EDUC 6010,COLOQUIO DE INVESTIGACION VI,11
ANTR 2106,ETNOHISTORIA AMERICANA,7
ARQU 3812,PROY. UNIDAD INTERM. VIVIENDA,22
CPOL 2244,ENFOQUES CONCEPTUALES RRII,13
MEDI 3519,MODULO SELECTIVO II SALUD P. 1,15
CPOL 6977,EX AREA MENOR-TEORIA POLITICA,13
MATE 4157,INT. REPRESENT. GRUPOS FINITOS,2
ECON 4649,SEM MINERIA DATOSYAPLICACIONES,26
PSIC 2503,PSICOLOG�A SOCIAL CR�TICA,28
ARTI 4208,ARQUITECTURAS NUEVA GENERACI�N,39
FISI 3098,MONOGRAFIA,1
MPER 4300,INVESTIGACI�N EN PERIODISMO,18
BIOL 3320,ENTOMOLOGIA-TEO,41
FISI 6987,TESIS VII,1
IBIO 2241,LAB PROGRAMACION CIENTIFICA,25
MATE 3802,PRACTICA ENSENANZA 2,2
QUIM 3516,QUIMICA COMPUTACIONAL,5
ARQU 2203,ARQUITECTURA MODERNA,22
FISI 1013,LABORATORIO DE FISICA BASICA 1,1
MEDI 3412,OFTALMOLOG. Y OTORRINOLARINGO.,15
MISO 4202,MEJOR. PRODUCT: AUTOMATIZACION,40
IELE 3152,REDES INTELIGENTES,3
IELE 3206,INSTRUMENTACION ELECTRONICA,3
IQUI 3091,PROYECTO DE GRADO,9
ISIS 1209,ALG. Y PROG. OBJ. II (HONORES),19
MUSI 3513,COMPOSICI�N PARA LA IMAGEN IV,10
MUSI 3615,PRE-PROYECTO PRODUCCI�N,10
IBIO 3370,NEUROCIENCIAS,25
DDER 6102,TEORIA JURIDICA 2,49
HIST 3106,ASIST. INVESTIGACION GRADO,32
EDUC 6012,ELABORACI�N DE PROPUESTA II,11
MISO 4301,PROYECTO INTEGRADOR,40
MSIN 4203,GERENCIA DE CSIRTS Y MAN INCID,20
EGOB 4112,PROYECTO DE GRADO I,30
IMEC 1541L,LABORATORIO MEC SOL RIGIDOS,21
DERE 3615,CONCURSO ELSA WTO MOOT COURT,35
MUSI 1417,INSTRUMENTO 3 - 15,10
DISE 3125,ESTUDIO 6: PROD INDUSTRIAL,16
LENG 1101,INGL�S 1,33
MATE 2510,PROBABILIDAD (HONOR),2
BIOL 2201,GENETICA-LAB,41
ECON 4603,TESIS PEG,26
LENG 1102,INGL�S 2,33
MIIA 4001,TRABAJO PRACTICO 1,45
ADMI 3200,OPCION DE GRADO,27
HIST 4802,TUTORIAL DE INV. 3- MHIST,32
MINE 4005,INTERCAMBIO INTERNACIONAL,52
LENG 1203,FRANC�S 3,33
MEDI 3531,INTERNADO SELECTIVO AT. PRI.1,15
QUIM 1619,LAB�FUNDAM�AN�LISIS�QU�MICO,5
MEDI 1104,PRINCIP. DEL DESARROLLO HUMANO,15
MATE 2201,ANALISIS 1,2
MEDI 3435,BITACORA CLINICA IV,15
QUIM 6961,PROYECTO DIRIGIDO,5
QUIM 3221,NANOCIENCIAS PARA QU�MICOS,5
MMER 4309,INVESTIGACI�N DE MERCADOS II,65
MDER 4202,RETOS AL DERECHO,31
LENG 2212,FRANCES 6,33
PSIC 2314,PSICOLOG�A DEL LENGUAJE,28
IBIO 1011,LAB INTRO ING BIOM�DICA,25
LENG 1603,ITALIANO 3,33
MATE 4331,TEORIA ESPECTRAL DE OPERADORES,2
FISI 2040,TERMODINAMICA,1
FILO 3010,CODIGO DE MONOGRAFIA,29
ICYA 1125,GEOM�TICA,4
FILO 2000,LOGICA 2,29
ADMI 1190,SERVICIOS ECOSIST�MICOS,27
ECON 3402,TEORIA POLIT.MONETARIA,26
MATE 4220,MEDIDA E INTEGRACION,2
MUSI 2414,INSTRUMENTO 4 - 15,10
IIND 3113C,REFUERZO SIMULA. EVENT.DISCRET,8
PSIC 3707,INVESTIGACION DIRIGIDA 1,28
LENG 1202,FRANC�S 2,33
MBIO 2310,BIOLOG. MOLECULAR DE LA CELULA,37
IMEC 2543,DINAMICA DE MAQUINARIA,21
MBIT 4206,INTEGRACI�N SIST. INFORMAC.,23
CBIO 4331,BUCEO CIENTIFICO AVANZADO,17
MEDI 3419,UROLOGIA Y ONCOLOGIA,15
IMEC 1001L,LABORATORIO DE FUNDAMENTOS,21
LENG 1117,INGLES 2 - LENGUAS Y CULTURA,33
MUSI 1404,CONJUNTO 1,10
LENG 3995,SEMINARIO DE GRADO,33
IMEC 2543L,LAB DINAMICA DE MAQUINARIA,21
LENG 1743,CHINO 3,33
MBIO 2300,BACTERIOLOGIA-TEO,37
QUIM 1310,QU�MICA ORG�NICA I,5
EDUC 6009,COLOQUIO DE INVESTIGACION V,11
EDUC 6016,ELABORACION DE PROPUESTA III,11
FISI 3771,INTRODUC.A SUPERCONDUCTIVIDAD,1
QUIM 6981,TESIS 1 (DOCTORADO),5
ARQU 3156,LA MAGIA DE LA GEOMETRIA,22
ANTR 3103,TEORIAS ANTROPOL.CONTEMPOR.,7
LENG 1225,EXPRESSION ORALE ET PHON�TIQUE,33
ECON 3743,APLIC EMPIR EN ECON POLITICA,26
MUSI 3814,LITERATURA VOCAL 7,10
ICYA 4807,TRANSPORTE PUBLICO Y MASIVO,4
ICYA 3203,GERENCIA PROY CONSTRUCCION,4
HIST 6981,TUTORIAL DE PROYECTO II- DHIST,32
BIOL 3907,TRABAJO GRADO MONOGR PRAC.GR,41
ISIS 3425,SISTEMAS EMPRESARIALES,19
IBIO 4790,TESIS II,25
ICYA 3601,EVALUACION Y AUDITOR.AMBIENTAL,4
CPOL 6990,SUSTENTACION DE TESIS,13
PSCL 4108,PR�CTICA CL�NICA SUPERV. IV,38
MATE 4424,TOPOLOGIA ALGEBRAICA 2,2
EDUC 4027,M�TODOS CUALIITATIVOS DE INVES,11
GEOC 3303,GEOSTATISTICS,12
ECON 6980,INVESTIGACION TESIS DOCTORAL 1,26
ARQU 3163,SEM BTA CIUDAD ABIERT COMP.URB,22
ICYA 4449,DISE - BASICO DE ACERO,4
MUSI 2303,DIRECCION CORAL 2,10
GEOC 1022,GEOLOGIA,12
IQUI 2200L,TALLER DISE�O EXPERIMENTAL,9
CPOL 6979,EX AREA MENOR-POL COLOMBIANA,13
ISIS 2008,VISI�N ISIS,19
PSIC 3866,LOGOTERAPIA Y SENTIDO DE VIDA,28
FISI 1038,ONDAS Y FLUIDOS,1
ARTE 2100,DIBUJO DEL CUERPO,6
ARQU 2420,PROYECTO URBANO,22
BIOL 2311,VERTEBRADOS LAB,41
ICYA 3501,CALIDAD DEL AIRE Y METEOROLOGI,4
FISI 3011,SEMINARIO DE FISICA TEORICA,1
LENG 4998,TALLER LECTURA 2 POSTGRADO,33
MEDI 3420,BITACORA CLINICA III,15
MUSI 2503,INSTRUMENTACION 2,10
DDER 6404,TUTORIA 4,49
MATE 2604,TEORIA�DE�ANALISIS�NUMERICO,2
MATE 6989,TESIS,2
ECON 6988,INVESTIGACION TESIS DOCTORAL 9,26
LITE 3405,SEMINARIO DE GRIEGO IV,43
ARTE 2210,INSTALACION AUDIOVISUAL,6
ARQU 3930,AN�LISIS UNIDAD AVANZADA,22
IQUI 3031,DISE�O PLANTAS DE PROCESO,9
ADMI 3122,JUEGO GERENCIAL,27
ECON 3727,SEM POL. DE DESARROLLO Y ELCA.,26
ISIS 4001,TESIS II,19
MATE 3121,LOGICA 2,2
ARQU 2310,SISTEMAS DE SOPORTE,22
ARTE 3217,VIDEOGRAFIAS DE LA MEMORIA,6
DISE 3147,E6: MODA INDUSTRIA CREATIVA,16
MATE 4120,LOGICA MATEMATICA,2
LENG 2312,ALEMAN 6,33
QUIM 2622,QUIMICA ANALITICA II,5
ANTR 3183,TRABAJO DIRIG ANTR BIOLOGICA,7
IQUI 2020,TERMODINAMICA,9
MUSI 2821,RECITAL MITAD DE CARRERA CANTO,10
FISI 1022,FISICA BASICA 2,1
CBIO 6925,PASANTIA 2,17
ECON 3401,COMERCIO INTERNACIONAL,26
ARQU 1202,TALLER DE HISTORIA 2,22
GEOC 3049,LAB. S�SMICA Y SISMOLOG�A,12
ECON 2203,INTRODUCCI�N A LA MACRO,26
MATE 4140,TEORIA DE MODELOS 1,2
MPER 4401,GENEROS PERIODISTICOS 2,18
CPOL 3500,SEMINARIO INVESTIGACION,13
IQUI 3040,OPTIMIZACION PROCESOS QUIMICOS,9
ECON 4213,MACROECONOMIA AVANZADA LP,26
MINE 4103,ADMIN. DEL CONOCIMIENTO,52
MUSI 1207,ENTREN AUDITIVO 3,10
DISE 2606,MEDIO: GR�FICA AVANZADA,16
HIST 3600,OPCION GRADO MATERIAS MAESTRIA,32
MEDI 3406,MEDICINA INTERNA,15
ARQU 3823,TEORIA UI URBANO,22
GEOC 3101,YACIMIENTOS MINERALES,12
ANTR 4224,TRABAJO CAMPO,7
FISI 4012,SEMINARIO 2 DE FISICA TEORICA,1
MBIO 2101,BIOQUIMICA-LAB,37
MBIT 4203,BUSINESS ANALYTICS,23
LENG 6994,INGLES DOCTORADOS 4,33
IIND 3113,SIMULAC. EVENTOS DISCRETOS,8
IIND 2301,DINAMICA DE SISTEMAS,8
DISE 2358,COMUNICACI�N 3,16
LITE 1614,GRUPO DE TEATRO,43
QUIM 4250,QUIMICA ORGANICA - INORGANICA,5
MBIO 2401,BIOESTADISTICA-LAB,37
MTRI 4301,METOD RESOLUC CASOS TRIBUTARIO,47
HIST 6970,TUTORIAL DE INV. IV- DHIST,32
MEDI 3437,INTERNADO OBLIGATORIO CIRUGIA,15
MEDI 3426,COMP. HUMANO: TOXI. Y SEXUALI.,15
MEDI 3547,AIEPI,15
IELE 4021,TESIS II,3
IELE 4002,SEMINARIO MAG�STER 2,3
BIOL 2302,INVERTEBRADOS-TEO,41
ECON 1303,TALLER DE MATLAB,26
MUSI 3502,COMPOSICION 3,10
HIST 3101,MONOGRAFIA DE GRADO,32
QUIM 6984,TESIS 4 (DOCTORADO),5
FISI 3040,FISICA ESTADISTICA,1
MSIN 4301,PROYECTO FINAL,20
MEDI 3520,MODULO SELECTIVO II ADMINIS. 2,15
MLIT 4905,TUTORIAL DE PROFUNDIZACI�N 2,66
IELE 2000,ANALISIS Y SINTESIS CIRCUITOS,3
MEDI 2303,SISTEMA CARDIOVASCULAR,15
MEDI 3436,INTERNADO OBLIGATORIO ANESTES.,15
QUIM 4950,TESIS II,5
CPOL 1003,TALLER DE INDUCCI�N,13
ICYA 2401,MECANICA DE FLUIDOS,4
IIND 4101,OPTIMIZACION AVANZADA,8
MEDI 3408,BITACORA CLINICA I,15
IELE 1002,FUNDAMENTOS DE CIRCUITOS,3
IIND 3221,LOG�STICA,8
